股票代號,股票名稱,收盤價,K值,D值,RSI,DIF,MACD,BB上軌,BB下軌,成交量張,量比,市值億,本益比,每股配息,殖利率,更新時間
1101,台泥,26.55,,,,,,,,,,,,,,2026-02-25
1102,亞泥,35.8,,,,,,,,,,,,,,2026-02-25
1103,嘉泥,14.15,,,,,,,,,,,,,,2026-02-25
1104,環泥,30.15,,,,,,,,,,,,,,2026-02-25
1108,幸福,15.25,,,,,,,,,,,,,,2026-02-25
1109,信大,15.85,,,,,,,,,,,,,,2026-02-25
1110,東泥,16.45,,,,,,,,,,,,,,2026-02-25
1201,味全,14.55,,,,,,,,,,,,,,2026-02-25
1203,味王,41.0,,,,,,,,,,,,,,2026-02-25
1210,大成,51.1,,,,,,,,,,,,,,2026-02-25
1213,大飲,9.74,,,,,,,,,,,,,,2026-02-25
1215,卜蜂,151.0,,,,,,,,,,,,,,2026-02-25
1216,統一,74.7,,,,,,,,,,,,,,2026-02-25
1217,愛之味,10.55,,,,,,,,,,,,,,2026-02-25
1218,泰山,18.25,,,,,,,,,,,,,,2026-02-25
1219,福壽,13.6,,,,,,,,,,,,,,2026-02-25
1220,台榮,13.1,,,,,,,,,,,,,,2026-02-25
1225,福懋油,29.4,,,,,,,,,,,,,,2026-02-25
1227,佳格,30.2,,,,,,,,,,,,,,2026-02-25
1229,聯華,44.65,,,,,,,,,,,,,,2026-02-25
1231,聯華食,87.9,,,,,,,,,,,,,,2026-02-25
1232,大統益,151.5,,,,,,,,,,,,,,2026-02-25
1233,天仁,33.5,,,,,,,,,,,,,,2026-02-25
1234,黑松,37.25,,,,,,,,,,,,,,2026-02-25
1235,興泰,44.0,,,,,,,,,,,,,,2026-02-25
1236,宏亞,26.3,,,,,,,,,,,,,,2026-02-25
1256,鮮活果汁-KY,155.5,,,,,,,,,,,,,,2026-02-25
1301,台塑,53.4,,,,,,,,,,,,,,2026-02-25
1303,南亞,94.9,,,,,,,,,,,,,,2026-02-25
1304,台聚,12.75,,,,,,,,,,,,,,2026-02-25
1305,華夏,12.8,,,,,,,,,,,,,,2026-02-25
1307,三芳,36.15,,,,,,,,,,,,,,2026-02-25
1308,亞聚,14.35,,,,,,,,,,,,,,2026-02-25
1309,台達化,12.7,,,,,,,,,,,,,,2026-02-25
1310,台苯,9.33,,,,,,,,,,,,,,2026-02-25
1312,國喬,14.05,,,,,,,,,,,,,,2026-02-25
1313,聯成,11.3,,,,,,,,,,,,,,2026-02-25
1314,中石化,8.32,,,,,,,,,,,,,,2026-02-25
1315,達新,65.6,,,,,,,,,,,,,,2026-02-25
1316,上曜,13.85,,,,,,,,,,,,,,2026-02-25
1319,東陽,99.7,,,,,,,,,,,,,,2026-02-25
1321,大洋,33.65,,,,,,,,,,,,,,2026-02-25
1323,永裕,18.65,,,,,,,,,,,,,,2026-02-25
1324,地球,10.7,,,,,,,,,,,,,,2026-02-25
1325,恆大,29.25,,,,,,,,,,,,,,2026-02-25
1326,台化,49.2,,,,,,,,,,,,,,2026-02-25
1337,再生-KY,5.56,,,,,,,,,,,,,,2026-02-25
1338,廣華-KY,18.55,,,,,,,,,,,,,,2026-02-25
1339,昭輝,43.6,,,,,,,,,,,,,,2026-02-25
1340,勝悅-KY,7.29,,,,,,,,,,,,,,2026-02-25
1341,富林-KY,62.6,,,,,,,,,,,,,,2026-02-25
1342,八貫,103.0,,,,,,,,,,,,,,2026-02-25
1402,遠東新,28.45,,,,,,,,,,,,,,2026-02-25
1409,新纖,15.65,,,,,,,,,,,,,,2026-02-25
1410,南染,33.5,,,,,,,,,,,,,,2026-02-25
1413,宏洲,10.15,,,,,,,,,,,,,,2026-02-25
1414,東和,20.0,,,,,,,,,,,,,,2026-02-25
1416,廣豐,11.75,,,,,,,,,,,,,,2026-02-25
1417,嘉裕,8.82,,,,,,,,,,,,,,2026-02-25
1418,東華,19.45,,,,,,,,,,,,,,2026-02-25
1419,新紡,66.8,,,,,,,,,,,,,,2026-02-25
1423,利華,38.2,,,,,,,,,,,,,,2026-02-25
1432,大魯閣,18.0,,,,,,,,,,,,,,2026-02-25
1434,福懋,18.45,,,,,,,,,,,,,,2026-02-25
1435,中福,23.8,,,,,,,,,,,,,,2026-02-25
1436,華友聯,59.1,,,,,,,,,,,,,,2026-02-25
1437,勤益控,33.2,,,,,,,,,,,,,,2026-02-25
1438,三地開發,35.4,,,,,,,,,,,,,,2026-02-25
1439,雋揚,29.3,,,,,,,,,,,,,,2026-02-25
1440,南紡,13.4,,,,,,,,,,,,,,2026-02-25
1441,大東,10.15,,,,,,,,,,,,,,2026-02-25
1442,名軒,28.9,,,,,,,,,,,,,,2026-02-25
1443,立益物流,27.7,,,,,,,,,,,,,,2026-02-25
1444,力麗,6.4,,,,,,,,,,,,,,2026-02-25
1445,大宇,15.2,,,,,,,,,,,,,,2026-02-25
1446,宏和,16.15,,,,,,,,,,,,,,2026-02-25
1447,力鵬,5.48,,,,,,,,,,,,,,2026-02-25
1449,佳和,10.85,,,,,,,,,,,,,,2026-02-25
1451,年興,18.5,,,,,,,,,,,,,,2026-02-25
1452,宏益,11.6,,,,,,,,,,,,,,2026-02-25
1453,大將,13.3,,,,,,,,,,,,,,2026-02-25
1454,台富,14.1,,,,,,,,,,,,,,2026-02-25
1455,集盛,8.43,,,,,,,,,,,,,,2026-02-25
1456,怡華,13.35,,,,,,,,,,,,,,2026-02-25
1457,宜進,16.1,,,,,,,,,,,,,,2026-02-25
1459,聯發,12.5,,,,,,,,,,,,,,2026-02-25
1460,宏遠,6.79,,,,,,,,,,,,,,2026-02-25
1463,強盛新,18.4,,,,,,,,,,,,,,2026-02-25
1464,得力,11.0,,,,,,,,,,,,,,2026-02-25
1465,偉全,12.5,,,,,,,,,,,,,,2026-02-25
1466,聚隆,18.15,,,,,,,,,,,,,,2026-02-25
1467,南緯,7.5,,,,,,,,,,,,,,2026-02-25
1468,昶和,13.45,,,,,,,,,,,,,,2026-02-25
1470,大統新創,23.7,,,,,,,,,,,,,,2026-02-25
1471,首利,12.4,,,,,,,,,,,,,,2026-02-25
1472,三洋實業,90.4,,,,,,,,,,,,,,2026-02-25
1473,台南,25.3,,,,,,,,,,,,,,2026-02-25
1474,弘裕,10.3,,,,,,,,,,,,,,2026-02-25
1475,業旺,30.8,,,,,,,,,,,,,,2026-02-25
1476,儒鴻,424.0,,,,,,,,,,,,,,2026-02-25
1477,聚陽,320.0,,,,,,,,,,,,,,2026-02-25
1503,士電,227.5,,,,,,,,,,,,,,2026-02-25
1504,東元,82.6,,,,,,,,,,,,,,2026-02-25
1506,正道,11.65,,,,,,,,,,,,,,2026-02-25
1512,瑞利,7.81,,,,,,,,,,,,,,2026-02-25
1513,中興電,170.5,,,,,,,,,,,,,,2026-02-25
1514,亞力,130.5,,,,,,,,,,,,,,2026-02-25
1515,力山,27.0,,,,,,,,,,,,,,2026-02-25
1516,川飛,21.05,,,,,,,,,,,,,,2026-02-25
1517,利奇,12.1,,,,,,,,,,,,,,2026-02-25
1519,華城,1050.0,,,,,,,,,,,,,,2026-02-25
1521,大億,27.1,,,,,,,,,,,,,,2026-02-25
1522,堤維西,43.55,,,,,,,,,,,,,,2026-02-25
1524,耿鼎,30.75,,,,,,,,,,,,,,2026-02-25
1525,江申,64.0,,,,,,,,,,,,,,2026-02-25
1526,日馳,19.8,,,,,,,,,,,,,,2026-02-25
1527,鑽全,33.85,,,,,,,,,,,,,,2026-02-25
1528,恩德,23.45,,,,,,,,,,,,,,2026-02-25
1529,樂事綠能,26.55,,,,,,,,,,,,,,2026-02-25
1530,亞崴,29.1,,,,,,,,,,,,,,2026-02-25
1531,高林股,12.45,,,,,,,,,,,,,,2026-02-25
1532,勤美,24.2,,,,,,,,,,,,,,2026-02-25
1533,車王電,30.85,,,,,,,,,,,,,,2026-02-25
1535,中宇,51.1,,,,,,,,,,,,,,2026-02-25
1536,和大,61.2,,,,,,,,,,,,,,2026-02-25
1537,廣隆,125.0,,,,,,,,,,,,,,2026-02-25
1538,正峰,23.8,,,,,,,,,,,,,,2026-02-25
1539,巨庭,18.1,,,,,,,,,,,,,,2026-02-25
1540,喬福,23.85,,,,,,,,,,,,,,2026-02-25
1541,錩泰,25.0,,,,,,,,,,,,,,2026-02-25
1558,伸興,98.9,,,,,,,,,,,,,,2026-02-25
1560,中砂,494.5,,,,,,,,,,,,,,2026-02-25
1563,巧新,43.85,,,,,,,,,,,,,,2026-02-25
1568,倉佑,22.65,,,,,,,,,,,,,,2026-02-25
1582,信錦,70.0,,,,,,,,,,,,,,2026-02-25
1583,程泰,49.4,,,,,,,,,,,,,,2026-02-25
1587,吉茂,44.15,,,,,,,,,,,,,,2026-02-25
1589,永冠-KY,13.75,,,,,,,,,,,,,,2026-02-25
1590,亞德客-KY,1190.0,,,,,,,,,,,,,,2026-02-25
1597,直得,78.0,,,,,,,,,,,,,,2026-02-25
1598,岱宇,18.95,,,,,,,,,,,,,,2026-02-25
1603,華電,38.5,,,,,,,,,,,,,,2026-02-25
1604,聲寶,24.3,,,,,,,,,,,,,,2026-02-25
1605,華新,36.1,,,,,,,,,,,,,,2026-02-25
1608,華榮,36.1,,,,,,,,,,,,,,2026-02-25
1609,大亞,40.9,,,,,,,,,,,,,,2026-02-25
1611,中電,13.15,,,,,,,,,,,,,,2026-02-25
1612,宏泰,35.55,,,,,,,,,,,,,,2026-02-25
1614,三洋電,34.75,,,,,,,,,,,,,,2026-02-25
1615,大山,48.65,,,,,,,,,,,,,,2026-02-25
1616,億泰,29.25,,,,,,,,,,,,,,2026-02-25
1617,榮星,15.95,,,,,,,,,,,,,,2026-02-25
1618,合機,45.5,,,,,,,,,,,,,,2026-02-25
1626,艾美特-KY,11.1,,,,,,,,,,,,,,2026-02-25
1702,南僑,38.15,,,,,,,,,,,,,,2026-02-25
1707,葡萄王,123.5,,,,,,,,,,,,,,2026-02-25
1708,東鹼,36.0,,,,,,,,,,,,,,2026-02-25
1709,和益,16.8,,,,,,,,,,,,,,2026-02-25
1710,東聯,13.55,,,,,,,,,,,,,,2026-02-25
1711,永光,26.8,,,,,,,,,,,,,,2026-02-25
1712,興農,45.6,,,,,,,,,,,,,,2026-02-25
1713,國化,47.5,,,,,,,,,,,,,,2026-02-25
1714,和桐,9.93,,,,,,,,,,,,,,2026-02-25
1717,長興,62.8,,,,,,,,,,,,,,2026-02-25
1718,中纖,7.22,,,,,,,,,,,,,,2026-02-25
1720,生達,64.7,,,,,,,,,,,,,,2026-02-25
1721,三晃,18.5,,,,,,,,,,,,,,2026-02-25
1722,台肥,47.15,,,,,,,,,,,,,,2026-02-25
1723,中碳,72.5,,,,,,,,,,,,,,2026-02-25
1725,元禎,28.0,,,,,,,,,,,,,,2026-02-25
1726,永記,77.4,,,,,,,,,,,,,,2026-02-25
1727,中華化,47.75,,,,,,,,,,,,,,2026-02-25
1730,花仙子,53.5,,,,,,,,,,,,,,2026-02-25
1731,美吾華,22.0,,,,,,,,,,,,,,2026-02-25
1732,毛寶,27.7,,,,,,,,,,,,,,2026-02-25
1733,五鼎,30.4,,,,,,,,,,,,,,2026-02-25
1734,杏輝,30.7,,,,,,,,,,,,,,2026-02-25
1735,日勝化,17.15,,,,,,,,,,,,,,2026-02-25
1736,喬山,140.0,,,,,,,,,,,,,,2026-02-25
1737,臺鹽,31.75,,,,,,,,,,,,,,2026-02-25
1752,南光,36.95,,,,,,,,,,,,,,2026-02-25
1760,寶齡富錦,63.1,,,,,,,,,,,,,,2026-02-25
1762,中化生,27.4,,,,,,,,,,,,,,2026-02-25
1773,勝一,155.0,,,,,,,,,,,,,,2026-02-25
1776,展宇,15.35,,,,,,,,,,,,,,2026-02-25
1783,和康生,44.75,,,,,,,,,,,,,,2026-02-25
1786,科妍,74.1,,,,,,,,,,,,,,2026-02-25
1789,神隆,21.95,,,,,,,,,,,,,,2026-02-25
1795,美時,284.5,,,,,,,,,,,,,,2026-02-25
1802,台玻,61.3,,,,,,,,,,,,,,2026-02-25
1805,寶徠,11.6,,,,,,,,,,,,,,2026-02-25
1806,冠軍,8.97,,,,,,,,,,,,,,2026-02-25
1808,潤隆,30.65,,,,,,,,,,,,,,2026-02-25
1809,中釉,24.25,,,,,,,,,,,,,,2026-02-25
1810,和成,19.25,,,,,,,,,,,,,,2026-02-25
1817,凱撒衛,38.95,,,,,,,,,,,,,,2026-02-25
1903,士紙,53.7,,,,,,,,,,,,,,2026-02-25
1904,正隆,18.8,,,,,,,,,,,,,,2026-02-25
1905,華紙,12.55,,,,,,,,,,,,,,2026-02-25
1906,寶隆,11.9,,,,,,,,,,,,,,2026-02-25
1907,永豐餘,26.25,,,,,,,,,,,,,,2026-02-25
1909,榮成,10.05,,,,,,,,,,,,,,2026-02-25
2002,中鋼,21.25,,,,,,,,,,,,,,2026-02-25
2006,東和鋼鐵,73.4,,,,,,,,,,,,,,2026-02-25
2007,燁興,8.49,,,,,,,,,,,,,,2026-02-25
2008,高興昌,30.0,,,,,,,,,,,,,,2026-02-25
2009,第一銅,46.35,,,,,,,,,,,,,,2026-02-25
2010,春源,22.9,,,,,,,,,,,,,,2026-02-25
2012,春雨,17.15,,,,,,,,,,,,,,2026-02-25
2013,中鋼構,43.05,,,,,,,,,,,,,,2026-02-25
2014,中鴻,18.8,,,,,,,,,,,,,,2026-02-25
2015,豐興,67.7,,,,,,,,,,,,,,2026-02-25
2017,官田鋼,9.02,,,,,,,,,,,,,,2026-02-25
2020,美亞,24.55,,,,,,,,,,,,,,2026-02-25
2022,聚亨,9.12,,,,,,,,,,,,,,2026-02-25
2023,燁輝,14.8,,,,,,,,,,,,,,2026-02-25
2024,志聯,16.4,,,,,,,,,,,,,,2026-02-25
2025,千興,12.15,,,,,,,,,,,,,,2026-02-25
2027,大成鋼,37.5,,,,,,,,,,,,,,2026-02-25
2028,威致,19.3,,,,,,,,,,,,,,2026-02-25
2029,盛餘,21.8,,,,,,,,,,,,,,2026-02-25
2030,彰源,16.65,,,,,,,,,,,,,,2026-02-25
2031,新光鋼,40.0,,,,,,,,,,,,,,2026-02-25
2032,新鋼,16.55,,,,,,,,,,,,,,2026-02-25
2033,佳大,16.6,,,,,,,,,,,,,,2026-02-25
2034,允強,21.0,,,,,,,,,,,,,,2026-02-25
2038,海光,15.35,,,,,,,,,,,,,,2026-02-25
2049,上銀,225.0,,,,,,,,,,,,,,2026-02-25
2059,川湖,3360.0,,,,,,,,,,,,,,2026-02-25
2062,橋椿,21.45,,,,,,,,,,,,,,2026-02-25
2069,運錩,19.0,,,,,,,,,,,,,,2026-02-25
2101,南港,36.0,,,,,,,,,,,,,,2026-02-25
2102,泰豐,20.7,,,,,,,,,,,,,,2026-02-25
2103,台橡,20.8,,,,,,,,,,,,,,2026-02-25
2104,國際中橡,13.7,,,,,,,,,,,,,,2026-02-25
2105,正新,30.45,,,,,,,,,,,,,,2026-02-25
2106,建大,20.25,,,,,,,,,,,,,,2026-02-25
2107,厚生,25.7,,,,,,,,,,,,,,2026-02-25
2108,南帝,27.35,,,,,,,,,,,,,,2026-02-25
2109,華豐,15.1,,,,,,,,,,,,,,2026-02-25
2114,鑫永銓,89.5,,,,,,,,,,,,,,2026-02-25
2115,六暉-KY,24.35,,,,,,,,,,,,,,2026-02-25
2201,裕隆,30.8,,,,,,,,,,,,,,2026-02-25
2204,中華,59.2,,,,,,,,,,,,,,2026-02-25
2206,三陽工業,60.7,,,,,,,,,,,,,,2026-02-25
2207,和泰車,557.0,,,,,,,,,,,,,,2026-02-25
2208,台船,24.1,,,,,,,,,,,,,,2026-02-25
2211,長榮鋼,102.5,,,,,,,,,,,,,,2026-02-25
2227,裕日車,55.2,,,,,,,,,,,,,,2026-02-25
2228,劍麟,95.3,,,,,,,,,,,,,,2026-02-25
2231,為升,98.5,,,,,,,,,,,,,,2026-02-25
2233,宇隆,229.0,,,,,,,,,,,,,,2026-02-25
2236,百達-KY,115.0,,,,,,,,,,,,,,2026-02-25
2239,英利-KY,27.8,,,,,,,,,,,,,,2026-02-25
2241,艾姆勒,29.5,,,,,,,,,,,,,,2026-02-25
2243,宏旭-KY,12.05,,,,,,,,,,,,,,2026-02-25
2247,汎德永業,269.0,,,,,,,,,,,,,,2026-02-25
2248,華勝-KY,49.15,,,,,,,,,,,,,,2026-02-25
2250,IKKA-KY,70.7,,,,,,,,,,,,,,2026-02-25
2254,巨鎧精密-創,61.5,,,,,,,,,,,,,,2026-02-25
2258,鴻華先進-創,39.25,,,,,,,,,,,,,,2026-02-25
2301,光寶科,192.0,,,,,,,,,,,,,,2026-02-25
2302,麗正,18.65,,,,,,,,,,,,,,2026-02-25
2303,聯電,65.5,,,,,,,,,,,,,,2026-02-25
2305,全友,13.3,,,,,,,,,,,,,,2026-02-25
2308,台達電,1435.0,,,,,,,,,,,,,,2026-02-25
2312,金寶,25.25,,,,,,,,,,,,,,2026-02-25
2313,華通,209.5,,,,,,,,,,,,,,2026-02-25
2314,台揚,20.8,,,,,,,,,,,,,,2026-02-25
2316,楠梓電,102.5,,,,,,,,,,,,,,2026-02-25
2317,鴻海,246.5,,,,,,,,,,,,,,2026-02-25
2321,東訊,15.6,,,,,,,,,,,,,,2026-02-25
2323,中環,11.1,,,,,,,,,,,,,,2026-02-25
2324,仁寶,30.1,,,,,,,,,,,,,,2026-02-25
2327,國巨*,300.0,,,,,,,,,,,,,,2026-02-25
2328,廣宇,51.6,,,,,,,,,,,,,,2026-02-25
2329,華泰,55.6,,,,,,,,,,,,,,2026-02-25
2330,台積電,2015.0,,,,,,,,,,,,,,2026-02-25
2331,精英,27.6,,,,,,,,,,,,,,2026-02-25
2332,友訊,15.75,,,,,,,,,,,,,,2026-02-25
2337,旺宏,108.0,,,,,,,,,,,,,,2026-02-25
2338,光罩,44.75,,,,,,,,,,,,,,2026-02-25
2340,台亞,26.8,,,,,,,,,,,,,,2026-02-25
2342,茂矽,31.65,,,,,,,,,,,,,,2026-02-25
2344,華邦電,118.0,,,,,,,,,,,,,,2026-02-25
2345,智邦,1450.0,,,,,,,,,,,,,,2026-02-25
2347,聯強,70.8,,,,,,,,,,,,,,2026-02-25
2348,海悅,73.5,,,,,,,,,,,,,,2026-02-25
2349,錸德,15.3,,,,,,,,,,,,,,2026-02-25
2351,順德,87.5,,,,,,,,,,,,,,2026-02-25
2352,佳世達,26.25,,,,,,,,,,,,,,2026-02-25
2353,宏碁,27.35,,,,,,,,,,,,,,2026-02-25
2354,鴻準,60.0,,,,,,,,,,,,,,2026-02-25
2355,敬鵬,41.05,,,,,,,,,,,,,,2026-02-25
2356,英業達,46.4,,,,,,,,,,,,,,2026-02-25
2357,華碩,525.0,,,,,,,,,,,,,,2026-02-25
2359,所羅門,130.5,,,,,,,,,,,,,,2026-02-25
2360,致茂,1255.0,,,,,,,,,,,,,,2026-02-25
2362,藍天,40.05,,,,,,,,,,,,,,2026-02-25
2363,矽統,54.6,,,,,,,,,,,,,,2026-02-25
2364,倫飛,63.1,,,,,,,,,,,,,,2026-02-25
2365,昆盈,37.0,,,,,,,,,,,,,,2026-02-25
2367,燿華,58.7,,,,,,,,,,,,,,2026-02-25
2368,金像電,845.0,,,,,,,,,,,,,,2026-02-25
2369,菱生,27.45,,,,,,,,,,,,,,2026-02-25
2371,大同,37.0,,,,,,,,,,,,,,2026-02-25
2373,震旦行,56.6,,,,,,,,,,,,,,2026-02-25
2374,佳能,80.4,,,,,,,,,,,,,,2026-02-25
2375,凱美,95.7,,,,,,,,,,,,,,2026-02-25
2376,技嘉,235.0,,,,,,,,,,,,,,2026-02-25
2377,微星,92.2,,,,,,,,,,,,,,2026-02-25
2379,瑞昱,474.5,,,,,,,,,,,,,,2026-02-25
2380,虹光,4.85,,,,,,,,,,,,,,2026-02-25
2382,廣達,297.5,,,,,,,,,,,,,,2026-02-25
2383,台光電,2420.0,,,,,,,,,,,,,,2026-02-25
2385,群光,123.5,,,,,,,,,,,,,,2026-02-25
2387,精元,43.3,,,,,,,,,,,,,,2026-02-25
2388,威盛,49.55,,,,,,,,,,,,,,2026-02-25
2390,云辰,10.3,,,,,,,,,,,,,,2026-02-25
2392,正崴,40.45,,,,,,,,,,,,,,2026-02-25
2393,億光,58.8,,,,,,,,,,,,,,2026-02-25
2395,研華,333.0,,,,,,,,,,,,,,2026-02-25
2397,友通,61.8,,,,,,,,,,,,,,2026-02-25
2399,映泰,22.8,,,,,,,,,,,,,,2026-02-25
2401,凌陽,22.6,,,,,,,,,,,,,,2026-02-25
2402,毅嘉,54.9,,,,,,,,,,,,,,2026-02-25
2404,漢唐,1035.0,,,,,,,,,,,,,,2026-02-25
2405,輔信,16.05,,,,,,,,,,,,,,2026-02-25
2406,國碩,30.05,,,,,,,,,,,,,,2026-02-25
2408,南亞科,288.0,,,,,,,,,,,,,,2026-02-25
2409,友達,16.1,,,,,,,,,,,,,,2026-02-25
2412,中華電,136.0,,,,,,,,,,,,,,2026-02-25
2413,環科,55.2,,,,,,,,,,,,,,2026-02-25
2414,精技,42.7,,,,,,,,,,,,,,2026-02-25
2415,錩新,27.6,,,,,,,,,,,,,,2026-02-25
2417,圓剛,36.6,,,,,,,,,,,,,,2026-02-25
2419,仲琦,29.6,,,,,,,,,,,,,,2026-02-25
2420,新巨,51.7,,,,,,,,,,,,,,2026-02-25
2421,建準,151.5,,,,,,,,,,,,,,2026-02-25
2423,固緯,49.35,,,,,,,,,,,,,,2026-02-25
2424,隴華,33.25,,,,,,,,,,,,,,2026-02-25
2425,承啟,28.05,,,,,,,,,,,,,,2026-02-25
2426,鼎元,19.4,,,,,,,,,,,,,,2026-02-25
2427,三商電,26.6,,,,,,,,,,,,,,2026-02-25
2428,興勤,189.5,,,,,,,,,,,,,,2026-02-25
2429,銘旺科,58.0,,,,,,,,,,,,,,2026-02-25
2430,燦坤,23.1,,,,,,,,,,,,,,2026-02-25
2431,聯昌,16.45,,,,,,,,,,,,,,2026-02-25
2432,倚天酷碁-創,24.1,,,,,,,,,,,,,,2026-02-25
2433,互盛電,47.25,,,,,,,,,,,,,,2026-02-25
2434,統懋,30.1,,,,,,,,,,,,,,2026-02-25
2436,偉詮電,59.9,,,,,,,,,,,,,,2026-02-25
2438,翔耀,22.05,,,,,,,,,,,,,,2026-02-25
2439,美律,98.4,,,,,,,,,,,,,,2026-02-25
2440,太空梭,16.15,,,,,,,,,,,,,,2026-02-25
2441,超豐,93.2,,,,,,,,,,,,,,2026-02-25
2442,新美齊,19.5,,,,,,,,,,,,,,2026-02-25
2444,兆勁,12.45,,,,,,,,,,,,,,2026-02-25
2449,京元電子,320.0,,,,,,,,,,,,,,2026-02-25
2450,神腦,29.9,,,,,,,,,,,,,,2026-02-25
2451,創見,215.0,,,,,,,,,,,,,,2026-02-25
2453,凌群,52.6,,,,,,,,,,,,,,2026-02-25
2454,聯發科,1870.0,,,,,,,,,,,,,,2026-02-25
2455,全新,198.0,,,,,,,,,,,,,,2026-02-25
2457,飛宏,30.3,,,,,,,,,,,,,,2026-02-25
2458,義隆,119.5,,,,,,,,,,,,,,2026-02-25
2459,敦吉,67.2,,,,,,,,,,,,,,2026-02-25
2460,建通,28.5,,,,,,,,,,,,,,2026-02-25
2461,光群雷,16.8,,,,,,,,,,,,,,2026-02-25
2462,良得電,25.35,,,,,,,,,,,,,,2026-02-25
2464,盟立,71.2,,,,,,,,,,,,,,2026-02-25
2465,麗臺,53.1,,,,,,,,,,,,,,2026-02-25
2466,冠西電,51.3,,,,,,,,,,,,,,2026-02-25
2467,志聖,292.0,,,,,,,,,,,,,,2026-02-25
2468,華經,35.5,,,,,,,,,,,,,,2026-02-25
2471,資通,49.7,,,,,,,,,,,,,,2026-02-25
2472,立隆電,122.5,,,,,,,,,,,,,,2026-02-25
2474,可成,192.5,,,,,,,,,,,,,,2026-02-25
2476,鉅祥,84.8,,,,,,,,,,,,,,2026-02-25
2477,美隆電,24.45,,,,,,,,,,,,,,2026-02-25
2478,大毅,72.2,,,,,,,,,,,,,,2026-02-25
2480,敦陽科,145.0,,,,,,,,,,,,,,2026-02-25
2481,強茂,87.7,,,,,,,,,,,,,,2026-02-25
2482,連宇,18.0,,,,,,,,,,,,,,2026-02-25
2483,百容,22.1,,,,,,,,,,,,,,2026-02-25
2484,希華,30.8,,,,,,,,,,,,,,2026-02-25
2485,兆赫,42.0,,,,,,,,,,,,,,2026-02-25
2486,一詮,139.5,,,,,,,,,,,,,,2026-02-25
2488,漢平,48.6,,,,,,,,,,,,,,2026-02-25
2489,瑞軒,36.0,,,,,,,,,,,,,,2026-02-25
2491,吉祥全,17.15,,,,,,,,,,,,,,2026-02-25
2492,華新科,156.0,,,,,,,,,,,,,,2026-02-25
2493,揚博,118.0,,,,,,,,,,,,,,2026-02-25
2495,普安,31.85,,,,,,,,,,,,,,2026-02-25
2496,卓越,69.0,,,,,,,,,,,,,,2026-02-25
2497,怡利電,45.4,,,,,,,,,,,,,,2026-02-25
2498,宏達電,45.15,,,,,,,,,,,,,,2026-02-25
2501,國建,22.75,,,,,,,,,,,,,,2026-02-25
2504,國產,36.8,,,,,,,,,,,,,,2026-02-25
2505,國揚,18.85,,,,,,,,,,,,,,2026-02-25
2506,太設,9.04,,,,,,,,,,,,,,2026-02-25
2509,全坤建,14.7,,,,,,,,,,,,,,2026-02-25
2511,太子,8.27,,,,,,,,,,,,,,2026-02-25
2514,龍邦,14.9,,,,,,,,,,,,,,2026-02-25
2515,中工,16.65,,,,,,,,,,,,,,2026-02-25
2516,新建,14.7,,,,,,,,,,,,,,2026-02-25
2520,冠德,31.6,,,,,,,,,,,,,,2026-02-25
2524,京城,42.85,,,,,,,,,,,,,,2026-02-25
2527,宏璟,31.1,,,,,,,,,,,,,,2026-02-25
2528,皇普,28.65,,,,,,,,,,,,,,2026-02-25
2530,華建,26.95,,,,,,,,,,,,,,2026-02-25
2534,宏盛,20.05,,,,,,,,,,,,,,2026-02-25
2535,達欣工,74.0,,,,,,,,,,,,,,2026-02-25
2536,宏普,23.45,,,,,,,,,,,,,,2026-02-25
2537,聯上發,10.55,,,,,,,,,,,,,,2026-02-25
2538,基泰,10.7,,,,,,,,,,,,,,2026-02-25
2539,櫻花建,49.25,,,,,,,,,,,,,,2026-02-25
2540,愛山林,46.25,,,,,,,,,,,,,,2026-02-25
2542,興富發,37.6,,,,,,,,,,,,,,2026-02-25
2543,皇昌,61.4,,,,,,,,,,,,,,2026-02-25
2545,皇翔,37.55,,,,,,,,,,,,,,2026-02-25
2546,根基,87.1,,,,,,,,,,,,,,2026-02-25
2547,日勝生,10.95,,,,,,,,,,,,,,2026-02-25
2548,華固,113.0,,,,,,,,,,,,,,2026-02-25
2597,潤弘,174.5,,,,,,,,,,,,,,2026-02-25
2601,益航,5.41,,,,,,,,,,,,,,2026-02-25
2603,長榮,192.0,,,,,,,,,,,,,,2026-02-25
2605,新興,32.9,,,,,,,,,,,,,,2026-02-25
2606,裕民,64.9,,,,,,,,,,,,,,2026-02-25
2607,榮運,56.0,,,,,,,,,,,,,,2026-02-25
2608,嘉里大榮,31.75,,,,,,,,,,,,,,2026-02-25
2609,陽明,56.3,,,,,,,,,,,,,,2026-02-25
2610,華航,21.1,,,,,,,,,,,,,,2026-02-25
2611,志信,14.5,,,,,,,,,,,,,,2026-02-25
2612,中航,64.4,,,,,,,,,,,,,,2026-02-25
2613,中櫃,24.65,,,,,,,,,,,,,,2026-02-25
2614,東森,20.6,,,,,,,,,,,,,,2026-02-25
2615,萬海,76.4,,,,,,,,,,,,,,2026-02-25
2616,山隆,13.5,,,,,,,,,,,,,,2026-02-25
2617,台航,30.75,,,,,,,,,,,,,,2026-02-25
2618,長榮航,37.95,,,,,,,,,,,,,,2026-02-25
2630,亞航,53.0,,,,,,,,,,,,,,2026-02-25
2633,台灣高鐵,27.1,,,,,,,,,,,,,,2026-02-25
2634,漢翔,55.5,,,,,,,,,,,,,,2026-02-25
2636,台驊控股,64.2,,,,,,,,,,,,,,2026-02-25
2637,慧洋-KY,72.2,,,,,,,,,,,,,,2026-02-25
2642,宅配通,24.8,,,,,,,,,,,,,,2026-02-25
2645,長榮航太,174.0,,,,,,,,,,,,,,2026-02-25
2646,星宇航空,23.1,,,,,,,,,,,,,,2026-02-25
2701,萬企,11.15,,,,,,,,,,,,,,2026-02-25
2702,華園,12.0,,,,,,,,,,,,,,2026-02-25
2704,國賓,43.5,,,,,,,,,,,,,,2026-02-25
2705,六福,16.2,,,,,,,,,,,,,,2026-02-25
2706,第一店,12.85,,,,,,,,,,,,,,2026-02-25
2707,晶華,188.0,,,,,,,,,,,,,,2026-02-25
2712,遠雄來,17.4,,,,,,,,,,,,,,2026-02-25
2722,夏都,25.6,,,,,,,,,,,,,,2026-02-25
2723,美食-KY,72.0,,,,,,,,,,,,,,2026-02-25
2727,王品,217.5,,,,,,,,,,,,,,2026-02-25
2731,雄獅,173.0,,,,,,,,,,,,,,2026-02-25
2739,寒舍,33.7,,,,,,,,,,,,,,2026-02-25
2748,雲品,41.35,,,,,,,,,,,,,,2026-02-25
2753,八方雲集,185.0,,,,,,,,,,,,,,2026-02-25
2762,世界健身-KY,76.7,,,,,,,,,,,,,,2026-02-25
2801,彰銀,21.65,,,,,,,,,,,,,,2026-02-25
2812,台中銀,21.0,,,,,,,,,,,,,,2026-02-25
2816,旺旺保,30.45,,,,,,,,,,,,,,2026-02-25
2820,華票,17.2,,,,,,,,,,,,,,2026-02-25
2832,台產,49.55,,,,,,,,,,,,,,2026-02-25
2834,臺企銀,16.15,,,,,,,,,,,,,,2026-02-25
2836,高雄銀,12.7,,,,,,,,,,,,,,2026-02-25
2838,聯邦銀,20.0,,,,,,,,,,,,,,2026-02-25
2845,遠東銀,12.75,,,,,,,,,,,,,,2026-02-25
2849,安泰銀,14.0,,,,,,,,,,,,,,2026-02-25
2850,新產,116.0,,,,,,,,,,,,,,2026-02-25
2851,中再保,27.6,,,,,,,,,,,,,,2026-02-25
2852,第一保,27.45,,,,,,,,,,,,,,2026-02-25
2855,統一證,31.5,,,,,,,,,,,,,,2026-02-25
2867,三商壽,8.21,,,,,,,,,,,,,,2026-02-25
2880,華南金,37.2,,,,,,,,,,,,,,2026-02-25
2881,富邦金,92.9,,,,,,,,,,,,,,2026-02-25
2882,國泰金,76.9,,,,,,,,,,,,,,2026-02-25
2883,凱基金,20.9,,,,,,,,,,,,,,2026-02-25
2884,玉山金,34.95,,,,,,,,,,,,,,2026-02-25
2885,元大金,47.25,,,,,,,,,,,,,,2026-02-25
2886,兆豐金,40.55,,,,,,,,,,,,,,2026-02-25
2887,台新新光金,24.9,,,,,,,,,,,,,,2026-02-25
2889,國票金,16.6,,,,,,,,,,,,,,2026-02-25
2890,永豐金,32.75,,,,,,,,,,,,,,2026-02-25
2891,中信金,53.5,,,,,,,,,,,,,,2026-02-25
2892,第一金,29.9,,,,,,,,,,,,,,2026-02-25
2897,王道銀行,9.72,,,,,,,,,,,,,,2026-02-25
2901,欣欣,24.35,,,,,,,,,,,,,,2026-02-25
2903,遠百,22.95,,,,,,,,,,,,,,2026-02-25
2904,匯僑,17.15,,,,,,,,,,,,,,2026-02-25
2905,三商,16.1,,,,,,,,,,,,,,2026-02-25
2906,高林,12.6,,,,,,,,,,,,,,2026-02-25
2908,特力,20.65,,,,,,,,,,,,,,2026-02-25
2910,統領,22.75,,,,,,,,,,,,,,2026-02-25
2911,麗嬰房,5.13,,,,,,,,,,,,,,2026-02-25
2912,統一超,222.5,,,,,,,,,,,,,,2026-02-25
2913,農林,13.15,,,,,,,,,,,,,,2026-02-25
2915,潤泰全,53.3,,,,,,,,,,,,,,2026-02-25
2923,鼎固-KY,26.45,,,,,,,,,,,,,,2026-02-25
2929,淘帝-KY,7.59,,,,,,,,,,,,,,2026-02-25
2939,永邑-KY,24.35,,,,,,,,,,,,,,2026-02-25
2945,三商家購,42.9,,,,,,,,,,,,,,2026-02-25
3002,歐格,21.35,,,,,,,,,,,,,,2026-02-25
3003,健和興,50.5,,,,,,,,,,,,,,2026-02-25
3004,豐達科,116.5,,,,,,,,,,,,,,2026-02-25
3005,神基,114.0,,,,,,,,,,,,,,2026-02-25
3006,晶豪科,159.0,,,,,,,,,,,,,,2026-02-25
3008,大立光,2415.0,,,,,,,,,,,,,,2026-02-25
3010,華立,128.0,,,,,,,,,,,,,,2026-02-25
3011,今皓,13.15,,,,,,,,,,,,,,2026-02-25
3013,晟銘電,113.0,,,,,,,,,,,,,,2026-02-25
3014,聯陽,123.5,,,,,,,,,,,,,,2026-02-25
3015,全漢,54.7,,,,,,,,,,,,,,2026-02-25
3016,嘉晶,58.6,,,,,,,,,,,,,,2026-02-25
3017,奇鋐,1675.0,,,,,,,,,,,,,,2026-02-25
3018,隆銘綠能,13.05,,,,,,,,,,,,,,2026-02-25
3019,亞光,150.5,,,,,,,,,,,,,,2026-02-25
3021,鴻名,17.4,,,,,,,,,,,,,,2026-02-25
3022,威強電,60.1,,,,,,,,,,,,,,2026-02-25
3023,信邦,244.0,,,,,,,,,,,,,,2026-02-25
3024,憶聲,10.5,,,,,,,,,,,,,,2026-02-25
3025,星通,54.9,,,,,,,,,,,,,,2026-02-25
3026,禾伸堂,120.0,,,,,,,,,,,,,,2026-02-25
3027,盛達,23.7,,,,,,,,,,,,,,2026-02-25
3028,增你強,54.8,,,,,,,,,,,,,,2026-02-25
3029,零壹,112.5,,,,,,,,,,,,,,2026-02-25
3030,德律,203.5,,,,,,,,,,,,,,2026-02-25
3031,佰鴻,20.05,,,,,,,,,,,,,,2026-02-25
3032,偉訓,72.4,,,,,,,,,,,,,,2026-02-25
3033,威健,31.75,,,,,,,,,,,,,,2026-02-25
3034,聯詠,387.0,,,,,,,,,,,,,,2026-02-25
3035,智原,167.5,,,,,,,,,,,,,,2026-02-25
3036,文曄,183.0,,,,,,,,,,,,,,2026-02-25
3037,欣興,458.5,,,,,,,,,,,,,,2026-02-25
3038,全台,23.15,,,,,,,,,,,,,,2026-02-25
3040,遠見,40.1,,,,,,,,,,,,,,2026-02-25
3041,揚智,25.0,,,,,,,,,,,,,,2026-02-25
3042,晶技,92.1,,,,,,,,,,,,,,2026-02-25
3043,科風,21.95,,,,,,,,,,,,,,2026-02-25
3044,健鼎,397.0,,,,,,,,,,,,,,2026-02-25
3045,台灣大,108.5,,,,,,,,,,,,,,2026-02-25
3046,建碁,48.55,,,,,,,,,,,,,,2026-02-25
3047,訊舟,17.55,,,,,,,,,,,,,,2026-02-25
3048,益登,39.5,,,,,,,,,,,,,,2026-02-25
3049,精金,9.49,,,,,,,,,,,,,,2026-02-25
3050,鈺德,13.7,,,,,,,,,,,,,,2026-02-25
3051,力特,23.3,,,,,,,,,,,,,,2026-02-25
3052,夆典,11.7,,,,,,,,,,,,,,2026-02-25
3054,立萬利,34.5,,,,,,,,,,,,,,2026-02-25
3055,蔚華科,67.1,,,,,,,,,,,,,,2026-02-25
3056,富華新,17.15,,,,,,,,,,,,,,2026-02-25
3057,喬鼎,16.45,,,,,,,,,,,,,,2026-02-25
3058,立德,10.3,,,,,,,,,,,,,,2026-02-25
3059,華晶科,39.75,,,,,,,,,,,,,,2026-02-25
3060,銘異,33.1,,,,,,,,,,,,,,2026-02-25
3062,建漢,26.1,,,,,,,,,,,,,,2026-02-25
3090,日電貿,102.5,,,,,,,,,,,,,,2026-02-25
3092,鴻碩,29.25,,,,,,,,,,,,,,2026-02-25
3094,聯傑,25.0,,,,,,,,,,,,,,2026-02-25
3130,一零四,224.5,,,,,,,,,,,,,,2026-02-25
3135,凌航,128.0,,,,,,,,,,,,,,2026-02-25
3138,耀登,180.0,,,,,,,,,,,,,,2026-02-25
3149,正達,53.2,,,,,,,,,,,,,,2026-02-25
3150,鈺寶-創,17.8,,,,,,,,,,,,,,2026-02-25
3164,景岳,17.9,,,,,,,,,,,,,,2026-02-25
3167,大量,295.0,,,,,,,,,,,,,,2026-02-25
3168,眾福科,40.7,,,,,,,,,,,,,,2026-02-25
3189,景碩,325.5,,,,,,,,,,,,,,2026-02-25
3209,全科,37.05,,,,,,,,,,,,,,2026-02-25
3229,晟鈦,22.3,,,,,,,,,,,,,,2026-02-25
3231,緯創,138.0,,,,,,,,,,,,,,2026-02-25
3257,虹冠電,60.2,,,,,,,,,,,,,,2026-02-25
3266,昇陽,14.15,,,,,,,,,,,,,,2026-02-25
3296,勝德,24.05,,,,,,,,,,,,,,2026-02-25
3305,昇貿,116.0,,,,,,,,,,,,,,2026-02-25
3308,聯德,25.7,,,,,,,,,,,,,,2026-02-25
3311,閎暉,32.5,,,,,,,,,,,,,,2026-02-25
3312,弘憶股,38.0,,,,,,,,,,,,,,2026-02-25
3321,同泰,18.6,,,,,,,,,,,,,,2026-02-25
3338,泰碩,56.7,,,,,,,,,,,,,,2026-02-25
3346,麗清,20.8,,,,,,,,,,,,,,2026-02-25
3356,奇偶,47.5,,,,,,,,,,,,,,2026-02-25
3376,新日興,201.5,,,,,,,,,,,,,,2026-02-25
3380,明泰,32.4,,,,,,,,,,,,,,2026-02-25
3406,玉晶光,438.5,,,,,,,,,,,,,,2026-02-25
3413,京鼎,314.0,,,,,,,,,,,,,,2026-02-25
3416,融程電,152.5,,,,,,,,,,,,,,2026-02-25
3419,譁裕,15.9,,,,,,,,,,,,,,2026-02-25
3432,台端,17.3,,,,,,,,,,,,,,2026-02-25
3437,榮創,15.45,,,,,,,,,,,,,,2026-02-25
3443,創意,2575.0,,,,,,,,,,,,,,2026-02-25
3447,展達,40.9,,,,,,,,,,,,,,2026-02-25
3450,聯鈞,281.5,,,,,,,,,,,,,,2026-02-25
3454,晶睿,99.3,,,,,,,,,,,,,,2026-02-25
3481,群創,24.6,,,,,,,,,,,,,,2026-02-25
3494,誠研,8.41,,,,,,,,,,,,,,2026-02-25
3501,維熹,52.1,,,,,,,,,,,,,,2026-02-25
3504,揚明光,61.1,,,,,,,,,,,,,,2026-02-25
3515,華擎,228.5,,,,,,,,,,,,,,2026-02-25
3518,柏騰,20.85,,,,,,,,,,,,,,2026-02-25
3528,安馳,72.0,,,,,,,,,,,,,,2026-02-25
3530,晶相光,62.8,,,,,,,,,,,,,,2026-02-25
3532,台勝科,138.0,,,,,,,,,,,,,,2026-02-25
3533,嘉澤,1795.0,,,,,,,,,,,,,,2026-02-25
3535,晶彩科,116.0,,,,,,,,,,,,,,2026-02-25
3543,州巧,55.1,,,,,,,,,,,,,,2026-02-25
3545,敦泰,52.6,,,,,,,,,,,,,,2026-02-25
3550,聯穎,18.3,,,,,,,,,,,,,,2026-02-25
3557,嘉威,34.15,,,,,,,,,,,,,,2026-02-25
3563,牧德,519.0,,,,,,,,,,,,,,2026-02-25
3576,聯合再生,20.1,,,,,,,,,,,,,,2026-02-25
3583,辛耘,360.0,,,,,,,,,,,,,,2026-02-25
3588,通嘉,52.0,,,,,,,,,,,,,,2026-02-25
3591,艾笛森,19.25,,,,,,,,,,,,,,2026-02-25
3592,瑞鼎,237.0,,,,,,,,,,,,,,2026-02-25
3593,力銘,11.95,,,,,,,,,,,,,,2026-02-25
3596,智易,186.5,,,,,,,,,,,,,,2026-02-25
3605,宏致,64.7,,,,,,,,,,,,,,2026-02-25
3607,谷崧,13.9,,,,,,,,,,,,,,2026-02-25
3617,碩天,194.5,,,,,,,,,,,,,,2026-02-25
3622,洋華,60.0,,,,,,,,,,,,,,2026-02-25
3645,達邁,59.4,,,,,,,,,,,,,,2026-02-25
3652,精聯,28.4,,,,,,,,,,,,,,2026-02-25
3653,健策,3130.0,,,,,,,,,,,,,,2026-02-25
3661,世芯-KY,3480.0,,,,,,,,,,,,,,2026-02-25
3665,貿聯-KY,1345.0,,,,,,,,,,,,,,2026-02-25
3669,圓展,33.9,,,,,,,,,,,,,,2026-02-25
3673,TPK-KY,41.95,,,,,,,,,,,,,,2026-02-25
3679,新至陞,119.0,,,,,,,,,,,,,,2026-02-25
3686,達能,19.6,,,,,,,,,,,,,,2026-02-25
3694,海華,62.1,,,,,,,,,,,,,,2026-02-25
3701,大眾控,59.5,,,,,,,,,,,,,,2026-02-25
3702,大聯大,68.5,,,,,,,,,,,,,,2026-02-25
3703,欣陸,22.55,,,,,,,,,,,,,,2026-02-25
3704,合勤控,34.05,,,,,,,,,,,,,,2026-02-25
3705,永信,55.0,,,,,,,,,,,,,,2026-02-25
3706,神達,81.5,,,,,,,,,,,,,,2026-02-25
3708,上緯投控,118.0,,,,,,,,,,,,,,2026-02-25
3711,日月光投控,389.0,,,,,,,,,,,,,,2026-02-25
3712,永崴投控,25.45,,,,,,,,,,,,,,2026-02-25
3714,富采,38.2,,,,,,,,,,,,,,2026-02-25
3715,定穎投控,153.0,,,,,,,,,,,,,,2026-02-25
3716,中化控股,34.35,,,,,,,,,,,,,,2026-02-25
3717,聯嘉投控,17.55,,,,,,,,,,,,,,2026-02-25
4104,佳醫,78.5,,,,,,,,,,,,,,2026-02-25
4106,雃博,22.85,,,,,,,,,,,,,,2026-02-25
4108,懷特,14.2,,,,,,,,,,,,,,2026-02-25
4119,旭富,53.1,,,,,,,,,,,,,,2026-02-25
4133,亞諾法,25.2,,,,,,,,,,,,,,2026-02-25
4137,麗豐-KY,110.5,,,,,,,,,,,,,,2026-02-25
4142,國光生,17.95,,,,,,,,,,,,,,2026-02-25
4148,全宇生技-KY,36.95,,,,,,,,,,,,,,2026-02-25
4155,訊映,14.3,,,,,,,,,,,,,,2026-02-25
4164,承業醫,32.95,,,,,,,,,,,,,,2026-02-25
4190,佐登-KY,29.0,,,,,,,,,,,,,,2026-02-25
4306,炎洲,13.7,,,,,,,,,,,,,,2026-02-25
4414,如興,10.35,,,,,,,,,,,,,,2026-02-25
4426,利勤,9.49,,,,,,,,,,,,,,2026-02-25
4438,廣越,68.9,,,,,,,,,,,,,,2026-02-25
4439,冠星-KY,102.5,,,,,,,,,,,,,,2026-02-25
4440,宜新實業,17.5,,,,,,,,,,,,,,2026-02-25
4441,振大環球,249.0,,,,,,,,,,,,,,2026-02-25
4526,東台,35.3,,,,,,,,,,,,,,2026-02-25
4532,瑞智,25.85,,,,,,,,,,,,,,2026-02-25
4536,拓凱,163.0,,,,,,,,,,,,,,2026-02-25
4540,全球傳動,50.5,,,,,,,,,,,,,,2026-02-25
4545,銘鈺,35.7,,,,,,,,,,,,,,2026-02-25
4551,智伸科,123.5,,,,,,,,,,,,,,2026-02-25
4552,力達-KY,23.7,,,,,,,,,,,,,,2026-02-25
4555,氣立,37.35,,,,,,,,,,,,,,2026-02-25
4557,永新-KY,66.6,,,,,,,,,,,,,,2026-02-25
4560,強信-KY,33.55,,,,,,,,,,,,,,2026-02-25
4562,穎漢,37.8,,,,,,,,,,,,,,2026-02-25
4564,元翎,19.15,,,,,,,,,,,,,,2026-02-25
4566,時碩工業,59.7,,,,,,,,,,,,,,2026-02-25
4569,六方科-KY,152.0,,,,,,,,,,,,,,2026-02-25
4571,鈞興-KY,175.5,,,,,,,,,,,,,,2026-02-25
4572,駐龍,149.5,,,,,,,,,,,,,,2026-02-25
4576,大銀微系統,115.5,,,,,,,,,,,,,,2026-02-25
4581,光隆精密-KY,51.0,,,,,,,,,,,,,,2026-02-25
4583,台灣精銳,702.0,,,,,,,,,,,,,,2026-02-25
4585,達明,342.0,,,,,,,,,,,,,,2026-02-25
4588,玖鼎電力,66.4,,,,,,,,,,,,,,2026-02-25
4590,富田-創,78.9,,,,,,,,,,,,,,2026-02-25
4720,德淵,16.65,,,,,,,,,,,,,,2026-02-25
4722,國精化,207.0,,,,,,,,,,,,,,2026-02-25
4736,泰博,124.0,,,,,,,,,,,,,,2026-02-25
4737,華廣,54.0,,,,,,,,,,,,,,2026-02-25
4739,康普,76.4,,,,,,,,,,,,,,2026-02-25
4746,台耀,57.3,,,,,,,,,,,,,,2026-02-25
4755,三福化,149.5,,,,,,,,,,,,,,2026-02-25
4763,材料*-KY,47.35,,,,,,,,,,,,,,2026-02-25
4764,雙鍵,135.5,,,,,,,,,,,,,,2026-02-25
4766,南寶,324.5,,,,,,,,,,,,,,2026-02-25
4770,上品,247.0,,,,,,,,,,,,,,2026-02-25
4771,望隼,180.0,,,,,,,,,,,,,,2026-02-25
4807,日成-KY,17.85,,,,,,,,,,,,,,2026-02-25
4904,遠傳,94.3,,,,,,,,,,,,,,2026-02-25
4906,正文,26.95,,,,,,,,,,,,,,2026-02-25
4912,聯德控股-KY,100.0,,,,,,,,,,,,,,2026-02-25
4915,致伸,82.2,,,,,,,,,,,,,,2026-02-25
4916,事欣科,63.6,,,,,,,,,,,,,,2026-02-25
4919,新唐,70.7,,,,,,,,,,,,,,2026-02-25
4927,泰鼎-KY,44.25,,,,,,,,,,,,,,2026-02-25
4930,燦星網,21.85,,,,,,,,,,,,,,2026-02-25
4934,太極,19.0,,,,,,,,,,,,,,2026-02-25
4935,茂林-KY,39.35,,,,,,,,,,,,,,2026-02-25
4938,和碩,73.1,,,,,,,,,,,,,,2026-02-25
4942,嘉彰,38.5,,,,,,,,,,,,,,2026-02-25
4943,康控-KY,11.35,,,,,,,,,,,,,,2026-02-25
4949,有成精密,47.2,,,,,,,,,,,,,,2026-02-25
4952,凌通,42.1,,,,,,,,,,,,,,2026-02-25
4956,光鋐,25.8,,,,,,,,,,,,,,2026-02-25
4958,臻鼎-KY,205.5,,,,,,,,,,,,,,2026-02-25
4960,誠美材,14.05,,,,,,,,,,,,,,2026-02-25
4961,天鈺,148.5,,,,,,,,,,,,,,2026-02-25
4967,十銓,219.0,,,,,,,,,,,,,,2026-02-25
4968,立積,122.5,,,,,,,,,,,,,,2026-02-25
4976,佳凌,31.35,,,,,,,,,,,,,,2026-02-25
4977,眾達-KY,157.5,,,,,,,,,,,,,,2026-02-25
4989,榮科,62.3,,,,,,,,,,,,,,2026-02-25
4994,傳奇,102.5,,,,,,,,,,,,,,2026-02-25
4999,鑫禾,23.1,,,,,,,,,,,,,,2026-02-25
5007,三星,61.2,,,,,,,,,,,,,,2026-02-25
5203,訊連,77.5,,,,,,,,,,,,,,2026-02-25
5215,科嘉-KY,40.05,,,,,,,,,,,,,,2026-02-25
5222,全訊,145.5,,,,,,,,,,,,,,2026-02-25
5225,東科-KY,99.5,,,,,,,,,,,,,,2026-02-25
5234,達興材料,450.0,,,,,,,,,,,,,,2026-02-25
5243,乙盛-KY,87.6,,,,,,,,,,,,,,2026-02-25
5244,弘凱,39.1,,,,,,,,,,,,,,2026-02-25
5258,虹堡,52.5,,,,,,,,,,,,,,2026-02-25
5269,祥碩,1315.0,,,,,,,,,,,,,,2026-02-25
5283,禾聯碩,60.2,,,,,,,,,,,,,,2026-02-25
5284,jpp-KY,267.5,,,,,,,,,,,,,,2026-02-25
5285,界霖,50.9,,,,,,,,,,,,,,2026-02-25
5288,豐祥-KY,146.0,,,,,,,,,,,,,,2026-02-25
5292,華懋,183.5,,,,,,,,,,,,,,2026-02-25
5306,桂盟,93.5,,,,,,,,,,,,,,2026-02-25
5388,中磊,82.9,,,,,,,,,,,,,,2026-02-25
5434,崇越,348.0,,,,,,,,,,,,,,2026-02-25
5469,瀚宇博,94.3,,,,,,,,,,,,,,2026-02-25
5471,松翰,42.4,,,,,,,,,,,,,,2026-02-25
5484,慧友,38.6,,,,,,,,,,,,,,2026-02-25
5515,建國,33.3,,,,,,,,,,,,,,2026-02-25
5519,隆大,32.05,,,,,,,,,,,,,,2026-02-25
5521,工信,23.8,,,,,,,,,,,,,,2026-02-25
5522,遠雄,67.9,,,,,,,,,,,,,,2026-02-25
5525,順天,26.35,,,,,,,,,,,,,,2026-02-25
5531,鄉林,9.0,,,,,,,,,,,,,,2026-02-25
5533,皇鼎,14.45,,,,,,,,,,,,,,2026-02-25
5534,長虹,76.4,,,,,,,,,,,,,,2026-02-25
5538,東明-KY,33.35,,,,,,,,,,,,,,2026-02-25
5546,永固-KY,21.65,,,,,,,,,,,,,,2026-02-25
5607,遠雄港,53.5,,,,,,,,,,,,,,2026-02-25
5608,四維航,17.55,,,,,,,,,,,,,,2026-02-25
5706,鳳凰,50.8,,,,,,,,,,,,,,2026-02-25
5871,中租-KY,105.5,,,,,,,,,,,,,,2026-02-25
5876,上海商銀,40.45,,,,,,,,,,,,,,2026-02-25
5880,合庫金,23.95,,,,,,,,,,,,,,2026-02-25
5906,台南-KY,52.5,,,,,,,,,,,,,,2026-02-25
5907,大洋-KY,5.92,,,,,,,,,,,,,,2026-02-25
6005,群益證,31.25,,,,,,,,,,,,,,2026-02-25
6024,群益期,52.7,,,,,,,,,,,,,,2026-02-25
6108,競國,14.8,,,,,,,,,,,,,,2026-02-25
6112,邁達特,44.05,,,,,,,,,,,,,,2026-02-25
6115,鎰勝,48.1,,,,,,,,,,,,,,2026-02-25
6116,彩晶,8.95,,,,,,,,,,,,,,2026-02-25
6117,迎廣,75.8,,,,,,,,,,,,,,2026-02-25
6120,達運,13.35,,,,,,,,,,,,,,2026-02-25
6128,上福,26.2,,,,,,,,,,,,,,2026-02-25
6133,金橋,23.1,,,,,,,,,,,,,,2026-02-25
6136,富爾特,24.0,,,,,,,,,,,,,,2026-02-25
6139,亞翔,557.0,,,,,,,,,,,,,,2026-02-25
6141,柏承,11.3,,,,,,,,,,,,,,2026-02-25
6142,友勁,9.86,,,,,,,,,,,,,,2026-02-25
6152,百一,16.65,,,,,,,,,,,,,,2026-02-25
6153,嘉聯益,15.95,,,,,,,,,,,,,,2026-02-25
6155,鈞寶,50.5,,,,,,,,,,,,,,2026-02-25
6164,華興,12.35,,,,,,,,,,,,,,2026-02-25
6165,浪凡,43.05,,,,,,,,,,,,,,2026-02-25
6166,凌華,65.0,,,,,,,,,,,,,,2026-02-25
6176,瑞儀,135.5,,,,,,,,,,,,,,2026-02-25
6177,達麗,48.0,,,,,,,,,,,,,,2026-02-25
6183,關貿,95.6,,,,,,,,,,,,,,2026-02-25
6184,大豐電,48.15,,,,,,,,,,,,,,2026-02-25
6189,豐藝,46.3,,,,,,,,,,,,,,2026-02-25
6191,精成科,107.0,,,,,,,,,,,,,,2026-02-25
6192,巨路,128.5,,,,,,,,,,,,,,2026-02-25
6196,帆宣,292.0,,,,,,,,,,,,,,2026-02-25
6197,佳必琪,150.5,,,,,,,,,,,,,,2026-02-25
6201,亞弘電,54.0,,,,,,,,,,,,,,2026-02-25
6202,盛群,62.0,,,,,,,,,,,,,,2026-02-25
6205,詮欣,49.55,,,,,,,,,,,,,,2026-02-25
6206,飛捷,94.2,,,,,,,,,,,,,,2026-02-25
6209,今國光,65.2,,,,,,,,,,,,,,2026-02-25
6213,聯茂,146.5,,,,,,,,,,,,,,2026-02-25
6214,精誠,110.0,,,,,,,,,,,,,,2026-02-25
6215,和椿,113.5,,,,,,,,,,,,,,2026-02-25
6216,居易,27.3,,,,,,,,,,,,,,2026-02-25
6224,聚鼎,43.15,,,,,,,,,,,,,,2026-02-25
6225,天瀚,18.4,,,,,,,,,,,,,,2026-02-25
6226,光鼎,8.94,,,,,,,,,,,,,,2026-02-25
6230,尼得科超眾,143.0,,,,,,,,,,,,,,2026-02-25
6235,華孚,58.5,,,,,,,,,,,,,,2026-02-25
6239,力成,258.0,,,,,,,,,,,,,,2026-02-25
6243,迅杰,34.4,,,,,,,,,,,,,,2026-02-25
6257,矽格,137.0,,,,,,,,,,,,,,2026-02-25
6269,台郡,65.6,,,,,,,,,,,,,,2026-02-25
6271,同欣電,189.0,,,,,,,,,,,,,,2026-02-25
6272,驊陞,40.1,,,,,,,,,,,,,,2026-02-25
6277,宏正,60.1,,,,,,,,,,,,,,2026-02-25
6278,台表科,101.0,,,,,,,,,,,,,,2026-02-25
6281,全國電,60.5,,,,,,,,,,,,,,2026-02-25
6282,康舒,51.3,,,,,,,,,,,,,,2026-02-25
6283,淳安,22.15,,,,,,,,,,,,,,2026-02-25
6285,啟碁,190.0,,,,,,,,,,,,,,2026-02-25
6405,悅城,34.9,,,,,,,,,,,,,,2026-02-25
6409,旭隼,920.0,,,,,,,,,,,,,,2026-02-25
6412,群電,92.0,,,,,,,,,,,,,,2026-02-25
6414,樺漢,285.0,,,,,,,,,,,,,,2026-02-25
6415,矽力*-KY,279.0,,,,,,,,,,,,,,2026-02-25
6416,瑞祺電通,81.2,,,,,,,,,,,,,,2026-02-25
6426,統新,177.0,,,,,,,,,,,,,,2026-02-25
6431,光麗-KY,25.55,,,,,,,,,,,,,,2026-02-25
6438,迅得,152.5,,,,,,,,,,,,,,2026-02-25
6442,光聖,2080.0,,,,,,,,,,,,,,2026-02-25
6443,元晶,41.0,,,,,,,,,,,,,,2026-02-25
6446,藥華藥,747.0,,,,,,,,,,,,,,2026-02-25
6449,鈺邦,179.0,,,,,,,,,,,,,,2026-02-25
6451,訊芯-KY,211.0,,,,,,,,,,,,,,2026-02-25
6456,GIS-KY,43.45,,,,,,,,,,,,,,2026-02-25
6464,台數科,80.0,,,,,,,,,,,,,,2026-02-25
6472,保瑞,510.0,,,,,,,,,,,,,,2026-02-25
6477,安集,36.15,,,,,,,,,,,,,,2026-02-25
6491,晶碩,294.5,,,,,,,,,,,,,,2026-02-25
6504,南六,42.0,,,,,,,,,,,,,,2026-02-25
6505,台塑化,56.0,,,,,,,,,,,,,,2026-02-25
6515,穎崴,5000.0,,,,,,,,,,,,,,2026-02-25
6525,捷敏-KY,81.4,,,,,,,,,,,,,,2026-02-25
6526,達發,470.0,,,,,,,,,,,,,,2026-02-25
6531,愛普*,427.5,,,,,,,,,,,,,,2026-02-25
6533,晶心科,217.5,,,,,,,,,,,,,,2026-02-25
6534,正瀚-創,82.2,,,,,,,,,,,,,,2026-02-25
6541,泰福-KY,49.0,,,,,,,,,,,,,,2026-02-25
6550,北極星藥業-KY,33.0,,,,,,,,,,,,,,2026-02-25
6552,易華電,30.0,,,,,,,,,,,,,,2026-02-25
6558,興能高,33.35,,,,,,,,,,,,,,2026-02-25
6573,虹揚-KY,14.5,,,,,,,,,,,,,,2026-02-25
6579,研揚,114.0,,,,,,,,,,,,,,2026-02-25
6581,鋼聯,110.0,,,,,,,,,,,,,,2026-02-25
6582,申豐,33.45,,,,,,,,,,,,,,2026-02-25
6585,鼎基,89.3,,,,,,,,,,,,,,2026-02-25
6589,台康生技,61.0,,,,,,,,,,,,,,2026-02-25
6591,動力-KY,66.2,,,,,,,,,,,,,,2026-02-25
6592,和潤企業,59.9,,,,,,,,,,,,,,2026-02-25
6598,ABC-KY,24.55,,,,,,,,,,,,,,2026-02-25
6605,帝寶,141.5,,,,,,,,,,,,,,2026-02-25
6606,建德工業,25.3,,,,,,,,,,,,,,2026-02-25
6614,資拓宏宇,45.6,,,,,,,,,,,,,,2026-02-25
6625,必應,80.9,,,,,,,,,,,,,,2026-02-25
6641,基士德-KY,21.85,,,,,,,,,,,,,,2026-02-25
6645,金萬林-創,17.6,,,,,,,,,,,,,,2026-02-25
6655,科定,131.0,,,,,,,,,,,,,,2026-02-25
6657,華安,48.1,,,,,,,,,,,,,,2026-02-25
6658,聯策,57.0,,,,,,,,,,,,,,2026-02-25
6666,羅麗芬-KY,44.35,,,,,,,,,,,,,,2026-02-25
6668,中揚光,37.2,,,,,,,,,,,,,,2026-02-25
6669,緯穎,4060.0,,,,,,,,,,,,,,2026-02-25
6670,復盛應用,265.5,,,,,,,,,,,,,,2026-02-25
6671,三能-KY,36.95,,,,,,,,,,,,,,2026-02-25
6672,騰輝電子-KY,101.0,,,,,,,,,,,,,,2026-02-25
6674,鋐寶科技,20.0,,,,,,,,,,,,,,2026-02-25
6689,伊雲谷,60.3,,,,,,,,,,,,,,2026-02-25
6691,洋基工程,621.0,,,,,,,,,,,,,,2026-02-25
6695,芯鼎,42.65,,,,,,,,,,,,,,2026-02-25
6698,旭暉應材,34.9,,,,,,,,,,,,,,2026-02-25
6706,惠特,121.5,,,,,,,,,,,,,,2026-02-25
6715,嘉基,175.5,,,,,,,,,,,,,,2026-02-25
6719,力智,185.0,,,,,,,,,,,,,,2026-02-25
6722,輝創,42.65,,,,,,,,,,,,,,2026-02-25
6742,澤米,43.6,,,,,,,,,,,,,,2026-02-25
6743,安普新,26.8,,,,,,,,,,,,,,2026-02-25
6753,龍德造船,152.0,,,,,,,,,,,,,,2026-02-25
6754,匯僑設計,44.0,,,,,,,,,,,,,,2026-02-25
6756,威鋒電子,80.6,,,,,,,,,,,,,,2026-02-25
6757,台灣虎航,63.7,,,,,,,,,,,,,,2026-02-25
6768,志強-KY,101.0,,,,,,,,,,,,,,2026-02-25
6770,力積電,76.8,,,,,,,,,,,,,,2026-02-25
6771,平和環保-創,44.55,,,,,,,,,,,,,,2026-02-25
6776,展碁國際,58.2,,,,,,,,,,,,,,2026-02-25
6781,AES-KY,1195.0,,,,,,,,,,,,,,2026-02-25
6782,視陽,181.0,,,,,,,,,,,,,,2026-02-25
6789,采鈺,311.0,,,,,,,,,,,,,,2026-02-25
6790,永豐實,39.9,,,,,,,,,,,,,,2026-02-25
6792,詠業,59.6,,,,,,,,,,,,,,2026-02-25
6794,向榮生技,92.0,,,,,,,,,,,,,,2026-02-25
6796,晉弘,83.5,,,,,,,,,,,,,,2026-02-25
6799,來頡,83.4,,,,,,,,,,,,,,2026-02-25
6805,富世達,1555.0,,,,,,,,,,,,,,2026-02-25
6806,森崴能源,46.5,,,,,,,,,,,,,,2026-02-25
6807,峰源-KY,46.3,,,,,,,,,,,,,,2026-02-25
6830,汎銓,259.5,,,,,,,,,,,,,,2026-02-25
6831,邁科,294.5,,,,,,,,,,,,,,2026-02-25
6834,天二科技,31.8,,,,,,,,,,,,,,2026-02-25
6835,圓裕,39.25,,,,,,,,,,,,,,2026-02-25
6838,台新藥,28.25,,,,,,,,,,,,,,2026-02-25
6854,錼創科技-KY創,145.0,,,,,,,,,,,,,,2026-02-25
6861,睿生光電,104.0,,,,,,,,,,,,,,2026-02-25
6862,三集瑞-KY,205.0,,,,,,,,,,,,,,2026-02-25
6863,永道-KY,118.0,,,,,,,,,,,,,,2026-02-25
6869,雲豹能源,113.5,,,,,,,,,,,,,,2026-02-25
6873,泓德能源,110.0,,,,,,,,,,,,,,2026-02-25
6885,全福生技,28.1,,,,,,,,,,,,,,2026-02-25
6887,寶綠特-KY,49.0,,,,,,,,,,,,,,2026-02-25
6890,來億-KY,197.5,,,,,,,,,,,,,,2026-02-25
6901,鑽石投資,17.3,,,,,,,,,,,,,,2026-02-25
6902,GOGOLOOK,76.8,,,,,,,,,,,,,,2026-02-25
6906,現觀科,74.8,,,,,,,,,,,,,,2026-02-25
6909,創控,41.1,,,,,,,,,,,,,,2026-02-25
6914,阜爾運通,142.0,,,,,,,,,,,,,,2026-02-25
6916,華凌,18.85,,,,,,,,,,,,,,2026-02-25
6918,愛派司,85.2,,,,,,,,,,,,,,2026-02-25
6919,康霈*,161.5,,,,,,,,,,,,,,2026-02-25
6921,嘉雨思-創,80.3,,,,,,,,,,,,,,2026-02-25
6923,中台,92.8,,,,,,,,,,,,,,2026-02-25
6924,榮惠-KY創,64.1,,,,,,,,,,,,,,2026-02-25
6928,攸泰科技,53.4,,,,,,,,,,,,,,2026-02-25
6931,青松健康,54.6,,,,,,,,,,,,,,2026-02-25
6933,AMAX-KY,147.0,,,,,,,,,,,,,,2026-02-25
6936,永鴻生技,36.05,,,,,,,,,,,,,,2026-02-25
6937,天虹,223.5,,,,,,,,,,,,,,2026-02-25
6944,兆聯實業,728.0,,,,,,,,,,,,,,2026-02-25
6949,沛爾生醫-創,690.0,,,,,,,,,,,,,,2026-02-25
6951,青新-創,75.6,,,,,,,,,,,,,,2026-02-25
6952,大武山,43.75,,,,,,,,,,,,,,2026-02-25
6955,邦睿生技-創,171.0,,,,,,,,,,,,,,2026-02-25
6957,裕慶-KY,176.0,,,,,,,,,,,,,,2026-02-25
6958,日盛台駿,18.05,,,,,,,,,,,,,,2026-02-25
6962,奕力-KY,36.15,,,,,,,,,,,,,,2026-02-25
6965,中傑-KY,82.5,,,,,,,,,,,,,,2026-02-25
6969,成信實業*-創,31.0,,,,,,,,,,,,,,2026-02-25
6988,威力暘-創,17.55,,,,,,,,,,,,,,2026-02-25
6994,富威電力,82.4,,,,,,,,,,,,,,2026-02-25
7610,聯友金屬-創,303.0,,,,,,,,,,,,,,2026-02-25
7631,聚賢研發-創,120.0,,,,,,,,,,,,,,2026-02-25
7705,三商餐飲,38.6,,,,,,,,,,,,,,2026-02-25
7711,永擎,239.5,,,,,,,,,,,,,,2026-02-25
7721,微程式,53.0,,,,,,,,,,,,,,2026-02-25
7722,LINEPAY,415.5,,,,,,,,,,,,,,2026-02-25
7730,暉盛-創,100.0,,,,,,,,,,,,,,2026-02-25
7732,金興精密,39.95,,,,,,,,,,,,,,2026-02-25
7736,虎山,89.9,,,,,,,,,,,,,,2026-02-25
7740,熙特爾-創,180.0,,,,,,,,,,,,,,2026-02-25
7749,意騰-KY,423.5,,,,,,,,,,,,,,2026-02-25
7750,新代,1300.0,,,,,,,,,,,,,,2026-02-25
7765,中華資安,258.0,,,,,,,,,,,,,,2026-02-25
7769,鴻勁,4815.0,,,,,,,,,,,,,,2026-02-25
7780,大研生醫*,24.9,,,,,,,,,,,,,,2026-02-25
7786,東方風能,162.0,,,,,,,,,,,,,,2026-02-25
7788,松川精密,188.0,,,,,,,,,,,,,,2026-02-25
7791,皇家可口,68.7,,,,,,,,,,,,,,2026-02-25
7795,長廣,415.0,,,,,,,,,,,,,,2026-02-25
7799,禾榮科,535.0,,,,,,,,,,,,,,2026-02-25
8011,台通,21.1,,,,,,,,,,,,,,2026-02-25
8016,矽創,196.0,,,,,,,,,,,,,,2026-02-25
8021,尖點,264.5,,,,,,,,,,,,,,2026-02-25
8028,昇陽半導體,183.0,,,,,,,,,,,,,,2026-02-25
8033,雷虎,159.0,,,,,,,,,,,,,,2026-02-25
8039,台虹,88.2,,,,,,,,,,,,,,2026-02-25
8045,達運光電,82.0,,,,,,,,,,,,,,2026-02-25
8046,南電,553.0,,,,,,,,,,,,,,2026-02-25
8070,長華*,43.05,,,,,,,,,,,,,,2026-02-25
8072,陞泰,31.2,,,,,,,,,,,,,,2026-02-25
8081,致新,246.0,,,,,,,,,,,,,,2026-02-25
8101,華冠,15.8,,,,,,,,,,,,,,2026-02-25
8103,瀚荃,96.7,,,,,,,,,,,,,,2026-02-25
8104,錸寶,37.9,,,,,,,,,,,,,,2026-02-25
8105,凌巨,12.7,,,,,,,,,,,,,,2026-02-25
8110,華東,63.5,,,,,,,,,,,,,,2026-02-25
8112,至上,73.9,,,,,,,,,,,,,,2026-02-25
8114,振樺電,175.5,,,,,,,,,,,,,,2026-02-25
8131,福懋科,70.5,,,,,,,,,,,,,,2026-02-25
8150,南茂,65.0,,,,,,,,,,,,,,2026-02-25
8162,微矽電子-創,38.1,,,,,,,,,,,,,,2026-02-25
8163,達方,30.95,,,,,,,,,,,,,,2026-02-25
8201,無敵,14.25,,,,,,,,,,,,,,2026-02-25
8210,勤誠,909.0,,,,,,,,,,,,,,2026-02-25
8213,志超,38.1,,,,,,,,,,,,,,2026-02-25
8215,明基材,20.8,,,,,,,,,,,,,,2026-02-25
8222,寶一,40.1,,,,,,,,,,,,,,2026-02-25
8249,菱光,60.1,,,,,,,,,,,,,,2026-02-25
8261,富鼎,95.5,,,,,,,,,,,,,,2026-02-25
8271,宇瞻,119.5,,,,,,,,,,,,,,2026-02-25
8341,日友,78.2,,,,,,,,,,,,,,2026-02-25
8367,建新國際,44.3,,,,,,,,,,,,,,2026-02-25
8374,羅昇,86.2,,,,,,,,,,,,,,2026-02-25
8404,百和興業-KY,23.6,,,,,,,,,,,,,,2026-02-25
8411,福貞-KY,12.4,,,,,,,,,,,,,,2026-02-25
8422,可寧衛*,34.45,,,,,,,,,,,,,,2026-02-25
8429,金麗-KY,7.37,,,,,,,,,,,,,,2026-02-25
8438,昶昕,63.1,,,,,,,,,,,,,,2026-02-25
8442,威宏-KY,67.4,,,,,,,,,,,,,,2026-02-25
8443,阿瘦,11.75,,,,,,,,,,,,,,2026-02-25
8454,富邦媒,191.0,,,,,,,,,,,,,,2026-02-25
8462,柏文,143.5,,,,,,,,,,,,,,2026-02-25
8463,潤泰材,27.35,,,,,,,,,,,,,,2026-02-25
8464,億豐,419.5,,,,,,,,,,,,,,2026-02-25
8466,美吉吉-KY,22.45,,,,,,,,,,,,,,2026-02-25
8467,波力-KY,174.5,,,,,,,,,,,,,,2026-02-25
8473,山林水,38.1,,,,,,,,,,,,,,2026-02-25
8476,台境*,19.35,,,,,,,,,,,,,,2026-02-25
8478,東哥遊艇,172.0,,,,,,,,,,,,,,2026-02-25
8481,政伸,41.8,,,,,,,,,,,,,,2026-02-25
8482,商億-KY,54.1,,,,,,,,,,,,,,2026-02-25
8487,愛爾達-創,82.3,,,,,,,,,,,,,,2026-02-25
8488,吉源-KY,10.1,,,,,,,,,,,,,,2026-02-25
8499,鼎炫-KY,283.0,,,,,,,,,,,,,,2026-02-25
8926,台汽電,47.0,,,,,,,,,,,,,,2026-02-25
8940,新天地,19.8,,,,,,,,,,,,,,2026-02-25
8996,高力,911.0,,,,,,,,,,,,,,2026-02-25
9103,美德醫療-DR,5.55,,,,,,,,,,,,,,2026-02-25
9105,泰金寶-DR,6.1,,,,,,,,,,,,,,2026-02-25
9110,越南控-DR,3.03,,,,,,,,,,,,,,2026-02-25
9136,巨騰-DR,7.51,,,,,,,,,,,,,,2026-02-25
9802,鈺齊-KY,94.8,,,,,,,,,,,,,,2026-02-25
9902,台火,16.55,,,,,,,,,,,,,,2026-02-25
9904,寶成,30.8,,,,,,,,,,,,,,2026-02-25
9905,大華,20.6,,,,,,,,,,,,,,2026-02-25
9906,欣巴巴,41.15,,,,,,,,,,,,,,2026-02-25
9907,統一實,19.5,,,,,,,,,,,,,,2026-02-25
9908,大台北,30.0,,,,,,,,,,,,,,2026-02-25
9910,豐泰,95.0,,,,,,,,,,,,,,2026-02-25
9911,櫻花,86.0,,,,,,,,,,,,,,2026-02-25
9912,偉聯,12.1,,,,,,,,,,,,,,2026-02-25
9914,美利達,76.2,,,,,,,,,,,,,,2026-02-25
9917,中保科,106.0,,,,,,,,,,,,,,2026-02-25
9918,欣天然,40.9,,,,,,,,,,,,,,2026-02-25
9919,康那香,16.55,,,,,,,,,,,,,,2026-02-25
9921,巨大,82.6,,,,,,,,,,,,,,2026-02-25
9924,福興,48.1,,,,,,,,,,,,,,2026-02-25
9925,新保,40.95,,,,,,,,,,,,,,2026-02-25
9926,新海,49.95,,,,,,,,,,,,,,2026-02-25
9927,泰銘,69.9,,,,,,,,,,,,,,2026-02-25
9928,中視,18.0,,,,,,,,,,,,,,2026-02-25
9929,秋雨,10.6,,,,,,,,,,,,,,2026-02-25
9930,中聯資源,70.9,,,,,,,,,,,,,,2026-02-25
9931,欣高,35.15,,,,,,,,,,,,,,2026-02-25
9933,中鼎,31.25,,,,,,,,,,,,,,2026-02-25
9934,成霖,9.92,,,,,,,,,,,,,,2026-02-25
9935,慶豐富,19.0,,,,,,,,,,,,,,2026-02-25
9937,全國,58.8,,,,,,,,,,,,,,2026-02-25
9938,百和,51.9,,,,,,,,,,,,,,2026-02-25
9939,宏全,123.5,,,,,,,,,,,,,,2026-02-25
9940,信義,22.0,,,,,,,,,,,,,,2026-02-25
9941,裕融,73.4,,,,,,,,,,,,,,2026-02-25
9942,茂順,117.0,,,,,,,,,,,,,,2026-02-25
9943,好樂迪,59.4,,,,,,,,,,,,,,2026-02-25
9944,新麗,16.95,,,,,,,,,,,,,,2026-02-25
9945,潤泰新,29.5,,,,,,,,,,,,,,2026-02-25
9946,三發地產,16.65,,,,,,,,,,,,,,2026-02-25
9955,佳龍,33.75,,,,,,,,,,,,,,2026-02-25
9958,世紀鋼,130.5,,,,,,,,,,,,,,2026-02-25
4102,永日,20.0,,,,,,,,,,,,,,2026-02-25
4105,東洋,84.2,,,,,,,,,,,,,,2026-02-25
4107,邦特,123.5,,,,,,,,,,,,,,2026-02-25
4109,加捷生醫,13.85,,,,,,,,,,,,,,2026-02-25
4111,濟生,30.0,,,,,,,,,,,,,,2026-02-25
4113,聯上,20.05,,,,,,,,,,,,,,2026-02-25
4114,健喬,32.35,,,,,,,,,,,,,,2026-02-25
4116,明基醫,42.95,,,,,,,,,,,,,,2026-02-25
4120,友華,44.0,,,,,,,,,,,,,,2026-02-25
4121,優盛,20.15,,,,,,,,,,,,,,2026-02-25
4123,晟德,43.8,,,,,,,,,,,,,,2026-02-25
4126,太醫,80.9,,,,,,,,,,,,,,2026-02-25
4127,天良,36.9,,,,,,,,,,,,,,2026-02-25
4128,中天,18.65,,,,,,,,,,,,,,2026-02-25
4129,聯合,108.5,,,,,,,,,,,,,,2026-02-25
4130,健亞,31.75,,,,,,,,,,,,,,2026-02-25
4131,浩泰,38.7,,,,,,,,,,,,,,2026-02-25
4138,曜亞,58.7,,,,,,,,,,,,,,2026-02-25
4139,馬光-KY,23.85,,,,,,,,,,,,,,2026-02-25
4147,中裕,51.4,,,,,,,,,,,,,,2026-02-25
4153,鈺緯,34.3,,,,,,,,,,,,,,2026-02-25
4154,樂威科-KY,11.95,,,,,,,,,,,,,,2026-02-25
4157,太景*-KY,12.35,,,,,,,,,,,,,,2026-02-25
4160,訊聯基因,49.9,,,,,,,,,,,,,,2026-02-25
4161,聿新科,27.0,,,,,,,,,,,,,,2026-02-25
4162,智擎,65.0,,,,,,,,,,,,,,2026-02-25
4163,鐿鈦,109.0,,,,,,,,,,,,,,2026-02-25
4166,友霖,26.1,,,,,,,,,,,,,,2026-02-25
4167,松瑞藥,18.95,,,,,,,,,,,,,,2026-02-25
4168,醣聯,26.2,,,,,,,,,,,,,,2026-02-25
4171,瑞基,20.35,,,,,,,,,,,,,,2026-02-25
4173,久裕,22.05,,,,,,,,,,,,,,2026-02-25
4174,浩鼎,41.8,,,,,,,,,,,,,,2026-02-25
4175,杏一,57.7,,,,,,,,,,,,,,2026-02-25
4183,福永生技,16.5,,,,,,,,,,,,,,2026-02-25
4188,安克,13.85,,,,,,,,,,,,,,2026-02-25
4192,杏國,22.35,,,,,,,,,,,,,,2026-02-25
4198,欣大健康,39.0,,,,,,,,,,,,,,2026-02-25
4205,中華食,77.5,,,,,,,,,,,,,,2026-02-25
4207,環泰,20.1,,,,,,,,,,,,,,2026-02-25
4303,信立,56.4,,,,,,,,,,,,,,2026-02-25
4304,勝昱,30.5,,,,,,,,,,,,,,2026-02-25
4401,東隆興,15.85,,,,,,,,,,,,,,2026-02-25
4402,郡都開發,19.6,,,,,,,,,,,,,,2026-02-25
4406,新昕纖,10.2,,,,,,,,,,,,,,2026-02-25
4413,飛寶企業,17.65,,,,,,,,,,,,,,2026-02-25
4416,三圓,24.8,,,,,,,,,,,,,,2026-02-25
4417,金洲,53.1,,,,,,,,,,,,,,2026-02-25
4419,皇家美食,44.8,,,,,,,,,,,,,,2026-02-25
4420,光明,51.4,,,,,,,,,,,,,,2026-02-25
4430,耀億,18.8,,,,,,,,,,,,,,2026-02-25
4432,銘旺實,15.8,,,,,,,,,,,,,,2026-02-25
4433,興采,21.0,,,,,,,,,,,,,,2026-02-25
4442,竣邦-KY,56.0,,,,,,,,,,,,,,2026-02-25
4502,健信,15.8,,,,,,,,,,,,,,2026-02-25
4503,金雨,38.3,,,,,,,,,,,,,,2026-02-25
4506,崇友,115.5,,,,,,,,,,,,,,2026-02-25
4510,高鋒,45.6,,,,,,,,,,,,,,2026-02-25
4513,福裕,18.65,,,,,,,,,,,,,,2026-02-25
4523,永彰,34.8,,,,,,,,,,,,,,2026-02-25
4527,方土霖,41.65,,,,,,,,,,,,,,2026-02-25
4528,江興鍛,19.05,,,,,,,,,,,,,,2026-02-25
4529,淳紳,3.38,,,,,,,,,,,,,,2026-02-25
4533,協易機,32.95,,,,,,,,,,,,,,2026-02-25
4534,慶騰,29.5,,,,,,,,,,,,,,2026-02-25
4535,至興,29.35,,,,,,,,,,,,,,2026-02-25
4538,大詠城,19.1,,,,,,,,,,,,,,2026-02-25
4541,晟田,46.65,,,,,,,,,,,,,,2026-02-25
4542,科嶠,161.0,,,,,,,,,,,,,,2026-02-25
4543,萬在,31.15,,,,,,,,,,,,,,2026-02-25
4549,桓達,105.0,,,,,,,,,,,,,,2026-02-25
4550,長佳,26.7,,,,,,,,,,,,,,2026-02-25
4554,橙的,26.9,,,,,,,,,,,,,,2026-02-25
4556,旭然,28.2,,,,,,,,,,,,,,2026-02-25
4558,寶緯,19.0,,,,,,,,,,,,,,2026-02-25
4561,健椿,41.0,,,,,,,,,,,,,,2026-02-25
4563,百德,52.0,,,,,,,,,,,,,,2026-02-25
4568,科際精密,43.7,,,,,,,,,,,,,,2026-02-25
4577,達航科技,86.4,,,,,,,,,,,,,,2026-02-25
4580,捷流閥業,82.6,,,,,,,,,,,,,,2026-02-25
4584,君帆,45.2,,,,,,,,,,,,,,2026-02-25
4609,唐鋒,5.21,,,,,,,,,,,,,,2026-02-25
4702,中美實,9.99,,,,,,,,,,,,,,2026-02-25
4706,大恭,30.6,,,,,,,,,,,,,,2026-02-25
4707,磐亞,10.35,,,,,,,,,,,,,,2026-02-25
4711,永純,15.05,,,,,,,,,,,,,,2026-02-25
4714,永捷,16.85,,,,,,,,,,,,,,2026-02-25
4716,大立,14.9,,,,,,,,,,,,,,2026-02-25
4721,美琪瑪,67.3,,,,,,,,,,,,,,2026-02-25
4726,永昕,33.0,,,,,,,,,,,,,,2026-02-25
4728,雙美,388.5,,,,,,,,,,,,,,2026-02-25
4729,熒茂,22.85,,,,,,,,,,,,,,2026-02-25
4735,豪展,32.2,,,,,,,,,,,,,,2026-02-25
4741,泓瀚,22.4,,,,,,,,,,,,,,2026-02-25
4743,合一,59.5,,,,,,,,,,,,,,2026-02-25
4744,皇將,32.1,,,,,,,,,,,,,,2026-02-25
4745,合富-KY,21.25,,,,,,,,,,,,,,2026-02-25
4747,強生,56.5,,,,,,,,,,,,,,2026-02-25
4749,新應材,911.0,,,,,,,,,,,,,,2026-02-25
4754,國碳科,38.6,,,,,,,,,,,,,,2026-02-25
4760,勤凱,197.5,,,,,,,,,,,,,,2026-02-25
4767,誠泰科技,24.95,,,,,,,,,,,,,,2026-02-25
4768,晶呈科技,465.0,,,,,,,,,,,,,,2026-02-25
4772,台特化,338.5,,,,,,,,,,,,,,2026-02-25
4804,大略-KY,5.88,,,,,,,,,,,,,,2026-02-25
4806,桂田文創,12.1,,,,,,,,,,,,,,2026-02-25
4903,聯光通,43.95,,,,,,,,,,,,,,2026-02-25
4905,台聯電,63.0,,,,,,,,,,,,,,2026-02-25
4907,富宇,41.6,,,,,,,,,,,,,,2026-02-25
4908,前鼎,87.1,,,,,,,,,,,,,,2026-02-25
4909,新復興,63.5,,,,,,,,,,,,,,2026-02-25
4911,德英,36.55,,,,,,,,,,,,,,2026-02-25
4923,力士,32.8,,,,,,,,,,,,,,2026-02-25
4924,欣厚-KY,11.2,,,,,,,,,,,,,,2026-02-25
4931,新盛力,150.5,,,,,,,,,,,,,,2026-02-25
4933,友輝,59.5,,,,,,,,,,,,,,2026-02-25
4939,亞電,36.15,,,,,,,,,,,,,,2026-02-25
4946,辣椒,160.0,,,,,,,,,,,,,,2026-02-25
4950,金耘國際,16.0,,,,,,,,,,,,,,2026-02-25
4951,精拓科,71.5,,,,,,,,,,,,,,2026-02-25
4953,緯軟,117.5,,,,,,,,,,,,,,2026-02-25
4966,譜瑞-KY,545.0,,,,,,,,,,,,,,2026-02-25
4971,IET-KY,490.0,,,,,,,,,,,,,,2026-02-25
4972,湯石照明,17.85,,,,,,,,,,,,,,2026-02-25
4973,廣穎,46.0,,,,,,,,,,,,,,2026-02-25
4974,亞泰,77.1,,,,,,,,,,,,,,2026-02-25
4979,華星光,421.5,,,,,,,,,,,,,,2026-02-25
4987,科誠,80.8,,,,,,,,,,,,,,2026-02-25
4991,環宇-KY,345.0,,,,,,,,,,,,,,2026-02-25
4995,晶達,42.8,,,,,,,,,,,,,,2026-02-25
5009,榮剛,35.0,,,,,,,,,,,,,,2026-02-25
5011,久陽,13.3,,,,,,,,,,,,,,2026-02-25
5013,強新,29.6,,,,,,,,,,,,,,2026-02-25
5014,建錩,11.0,,,,,,,,,,,,,,2026-02-25
5015,華祺,27.9,,,,,,,,,,,,,,2026-02-25
5016,松和,25.0,,,,,,,,,,,,,,2026-02-25
5201,凱衛,39.8,,,,,,,,,,,,,,2026-02-25
5202,力新,15.05,,,,,,,,,,,,,,2026-02-25
5205,中茂,27.6,,,,,,,,,,,,,,2026-02-25
5206,坤悅,29.95,,,,,,,,,,,,,,2026-02-25
5209,新鼎,168.5,,,,,,,,,,,,,,2026-02-25
5210,寶碩,21.75,,,,,,,,,,,,,,2026-02-25
5211,蒙恬,23.55,,,,,,,,,,,,,,2026-02-25
5212,凌網,51.8,,,,,,,,,,,,,,2026-02-25
5213,亞昕,24.6,,,,,,,,,,,,,,2026-02-25
5220,萬達光電,19.65,,,,,,,,,,,,,,2026-02-25
5223,安力-KY,30.2,,,,,,,,,,,,,,2026-02-25
5227,立凱-KY,24.65,,,,,,,,,,,,,,2026-02-25
5228,鈺鎧,24.4,,,,,,,,,,,,,,2026-02-25
5230,雷笛克光學,17.5,,,,,,,,,,,,,,2026-02-25
5236,凌陽創新,128.5,,,,,,,,,,,,,,2026-02-25
5245,智晶,30.6,,,,,,,,,,,,,,2026-02-25
5251,天鉞電,32.3,,,,,,,,,,,,,,2026-02-25
5263,智崴,99.4,,,,,,,,,,,,,,2026-02-25
5272,笙科,20.9,,,,,,,,,,,,,,2026-02-25
5274,信驊,9730.0,,,,,,,,,,,,,,2026-02-25
5276,達輝-KY,15.85,,,,,,,,,,,,,,2026-02-25
5278,尚凡*,28.8,,,,,,,,,,,,,,2026-02-25
5287,數字,163.0,,,,,,,,,,,,,,2026-02-25
5289,宜鼎,779.0,,,,,,,,,,,,,,2026-02-25
5291,邑昇,53.4,,,,,,,,,,,,,,2026-02-25
5299,杰力,78.4,,,,,,,,,,,,,,2026-02-25
5301,寶得利,10.95,,,,,,,,,,,,,,2026-02-25
5302,太欣,12.6,,,,,,,,,,,,,,2026-02-25
5309,系統電,70.3,,,,,,,,,,,,,,2026-02-25
5310,天剛,27.25,,,,,,,,,,,,,,2026-02-25
5312,寶島科,99.8,,,,,,,,,,,,,,2026-02-25
5314,世紀*,90.8,,,,,,,,,,,,,,2026-02-25
5315,光聯,24.6,,,,,,,,,,,,,,2026-02-25
5321,美而快,26.35,,,,,,,,,,,,,,2026-02-25
5324,士開,10.2,,,,,,,,,,,,,,2026-02-25
5328,華容,29.25,,,,,,,,,,,,,,2026-02-25
5340,建榮,110.0,,,,,,,,,,,,,,2026-02-25
5344,立衛,14.65,,,,,,,,,,,,,,2026-02-25
5345,馥鴻,23.35,,,,,,,,,,,,,,2026-02-25
5347,世界,133.5,,,,,,,,,,,,,,2026-02-25
5348,正能量智能,16.95,,,,,,,,,,,,,,2026-02-25
5351,鈺創,58.8,,,,,,,,,,,,,,2026-02-25
5353,台林,25.4,,,,,,,,,,,,,,2026-02-25
5355,佳總,7.48,,,,,,,,,,,,,,2026-02-25
5356,協益,25.45,,,,,,,,,,,,,,2026-02-25
5364,力麗店,13.1,,,,,,,,,,,,,,2026-02-25
5381,合正,28.0,,,,,,,,,,,,,,2026-02-25
5386,青雲,214.0,,,,,,,,,,,,,,2026-02-25
5392,能率,45.0,,,,,,,,,,,,,,2026-02-25
5398,慕康生醫,23.1,,,,,,,,,,,,,,2026-02-25
5403,中菲,110.0,,,,,,,,,,,,,,2026-02-25
5410,國眾,30.35,,,,,,,,,,,,,,2026-02-25
5425,台半,62.0,,,,,,,,,,,,,,2026-02-25
5426,振發,20.95,,,,,,,,,,,,,,2026-02-25
5432,新門,151.0,,,,,,,,,,,,,,2026-02-25
5438,東友,22.0,,,,,,,,,,,,,,2026-02-25
5439,高技,292.0,,,,,,,,,,,,,,2026-02-25
5443,均豪,91.8,,,,,,,,,,,,,,2026-02-25
5450,南良,14.15,,,,,,,,,,,,,,2026-02-25
5452,佶優,31.6,,,,,,,,,,,,,,2026-02-25
5455,昇益,27.15,,,,,,,,,,,,,,2026-02-25
5457,宣德,36.7,,,,,,,,,,,,,,2026-02-25
5460,同協,15.5,,,,,,,,,,,,,,2026-02-25
5464,霖宏,27.65,,,,,,,,,,,,,,2026-02-25
5465,富驊,29.65,,,,,,,,,,,,,,2026-02-25
5468,凱鈺,17.5,,,,,,,,,,,,,,2026-02-25
5474,聰泰,151.5,,,,,,,,,,,,,,2026-02-25
5475,德宏,212.5,,,,,,,,,,,,,,2026-02-25
5478,智冠,102.5,,,,,,,,,,,,,,2026-02-25
5481,新華,22.0,,,,,,,,,,,,,,2026-02-25
5483,中美晶,118.0,,,,,,,,,,,,,,2026-02-25
5487,通泰,28.8,,,,,,,,,,,,,,2026-02-25
5488,松普,10.2,,,,,,,,,,,,,,2026-02-25
5489,彩富,40.8,,,,,,,,,,,,,,2026-02-25
5490,同亨,25.7,,,,,,,,,,,,,,2026-02-25
5493,三聯,91.3,,,,,,,,,,,,,,2026-02-25
5498,凱崴,64.0,,,,,,,,,,,,,,2026-02-25
5508,永信建,54.6,,,,,,,,,,,,,,2026-02-25
5511,德昌,66.9,,,,,,,,,,,,,,2026-02-25
5512,力麒,8.04,,,,,,,,,,,,,,2026-02-25
5514,三豐,15.85,,,,,,,,,,,,,,2026-02-25
5516,雙喜,14.1,,,,,,,,,,,,,,2026-02-25
5520,力泰,88.8,,,,,,,,,,,,,,2026-02-25
5523,豐謙,30.55,,,,,,,,,,,,,,2026-02-25
5529,鉅陞,27.1,,,,,,,,,,,,,,2026-02-25
5530,龍巖,52.8,,,,,,,,,,,,,,2026-02-25
5536,聖暉*,723.0,,,,,,,,,,,,,,2026-02-25
5543,桓鼎-KY,26.45,,,,,,,,,,,,,,2026-02-25
5547,久舜,22.2,,,,,,,,,,,,,,2026-02-25
5548,安倉,23.3,,,,,,,,,,,,,,2026-02-25
5601,台聯櫃,36.85,,,,,,,,,,,,,,2026-02-25
5603,陸海,17.5,,,,,,,,,,,,,,2026-02-25
5604,中連,36.05,,,,,,,,,,,,,,2026-02-25
5609,中菲行,78.5,,,,,,,,,,,,,,2026-02-25
5701,劍湖山,3.9,,,,,,,,,,,,,,2026-02-25
5703,亞都,14.5,,,,,,,,,,,,,,2026-02-25
5704,老爺知,22.1,,,,,,,,,,,,,,2026-02-25
5864,致和證,27.45,,,,,,,,,,,,,,2026-02-25
5878,台名,41.55,,,,,,,,,,,,,,2026-02-25
6015,宏遠證,15.25,,,,,,,,,,,,,,2026-02-25
6016,康和證,18.05,,,,,,,,,,,,,,2026-02-25
6020,大展證,19.45,,,,,,,,,,,,,,2026-02-25
6021,美好證,35.3,,,,,,,,,,,,,,2026-02-25
6023,元大期,94.8,,,,,,,,,,,,,,2026-02-25
6026,福邦證,14.8,,,,,,,,,,,,,,2026-02-25
6101,寬魚國際,38.4,,,,,,,,,,,,,,2026-02-25
6104,創惟,101.5,,,,,,,,,,,,,,2026-02-25
6109,亞元,12.4,,,,,,,,,,,,,,2026-02-25
6111,大宇資,44.8,,,,,,,,,,,,,,2026-02-25
6113,亞矽,22.1,,,,,,,,,,,,,,2026-02-25
6114,久威,31.9,,,,,,,,,,,,,,2026-02-25
6118,建達,19.3,,,,,,,,,,,,,,2026-02-25
6121,新普,333.0,,,,,,,,,,,,,,2026-02-25
6122,擎邦,52.8,,,,,,,,,,,,,,2026-02-25
6123,上奇,44.0,,,,,,,,,,,,,,2026-02-25
6124,業強,31.4,,,,,,,,,,,,,,2026-02-25
6125,廣運,64.2,,,,,,,,,,,,,,2026-02-25
6126,信音,38.3,,,,,,,,,,,,,,2026-02-25
6127,九豪,39.95,,,,,,,,,,,,,,2026-02-25
6129,普誠,15.85,,,,,,,,,,,,,,2026-02-25
6130,上亞科技,38.3,,,,,,,,,,,,,,2026-02-25
6134,萬旭,32.5,,,,,,,,,,,,,,2026-02-25
6138,茂達,237.5,,,,,,,,,,,,,,2026-02-25
6140,訊達,23.2,,,,,,,,,,,,,,2026-02-25
6143,振曜,106.5,,,,,,,,,,,,,,2026-02-25
6144,得利影,17.65,,,,,,,,,,,,,,2026-02-25
6146,耕興,193.5,,,,,,,,,,,,,,2026-02-25
6147,頎邦,56.5,,,,,,,,,,,,,,2026-02-25
6148,驊宏資,35.1,,,,,,,,,,,,,,2026-02-25
6150,撼訊,59.8,,,,,,,,,,,,,,2026-02-25
6151,晉倫,30.7,,,,,,,,,,,,,,2026-02-25
6154,順發,13.4,,,,,,,,,,,,,,2026-02-25
6156,松上,21.65,,,,,,,,,,,,,,2026-02-25
6158,禾昌,20.6,,,,,,,,,,,,,,2026-02-25
6160,欣技,17.05,,,,,,,,,,,,,,2026-02-25
6161,捷波,44.2,,,,,,,,,,,,,,2026-02-25
6163,華電網,54.3,,,,,,,,,,,,,,2026-02-25
6167,久正,12.65,,,,,,,,,,,,,,2026-02-25
6169,昱泉,17.4,,,,,,,,,,,,,,2026-02-25
6170,統振,48.9,,,,,,,,,,,,,,2026-02-25
6171,大城地產,28.0,,,,,,,,,,,,,,2026-02-25
6173,信昌電,73.9,,,,,,,,,,,,,,2026-02-25
6174,安碁,22.7,,,,,,,,,,,,,,2026-02-25
6175,立敦,48.1,,,,,,,,,,,,,,2026-02-25
6179,亞通,25.15,,,,,,,,,,,,,,2026-02-25
6180,橘子,52.9,,,,,,,,,,,,,,2026-02-25
6182,合晶,36.25,,,,,,,,,,,,,,2026-02-25
6185,幃翔,14.9,,,,,,,,,,,,,,2026-02-25
6186,新潤,44.25,,,,,,,,,,,,,,2026-02-25
6187,萬潤,547.0,,,,,,,,,,,,,,2026-02-25
6188,廣明,100.5,,,,,,,,,,,,,,2026-02-25
6190,萬泰科,51.1,,,,,,,,,,,,,,2026-02-25
6194,育富,32.7,,,,,,,,,,,,,,2026-02-25
6195,詩肯,25.15,,,,,,,,,,,,,,2026-02-25
6198,瑞築,24.25,,,,,,,,,,,,,,2026-02-25
6199,天品,97.9,,,,,,,,,,,,,,2026-02-25
6203,海韻電,68.7,,,,,,,,,,,,,,2026-02-25
6204,艾華,70.1,,,,,,,,,,,,,,2026-02-25
6207,雷科,55.2,,,,,,,,,,,,,,2026-02-25
6208,日揚,46.0,,,,,,,,,,,,,,2026-02-25
6210,慶生,21.0,,,,,,,,,,,,,,2026-02-25
6212,理銘,35.5,,,,,,,,,,,,,,2026-02-25
6217,中探針,93.7,,,,,,,,,,,,,,2026-02-25
6218,豪勉,25.1,,,,,,,,,,,,,,2026-02-25
6219,富旺,16.8,,,,,,,,,,,,,,2026-02-25
6220,岳豐,33.55,,,,,,,,,,,,,,2026-02-25
6221,晉泰,29.6,,,,,,,,,,,,,,2026-02-25
6222,立軒,19.4,,,,,,,,,,,,,,2026-02-25
6223,旺矽,2945.0,,,,,,,,,,,,,,2026-02-25
6227,茂綸,85.9,,,,,,,,,,,,,,2026-02-25
6228,全譜,24.55,,,,,,,,,,,,,,2026-02-25
6229,研通,23.0,,,,,,,,,,,,,,2026-02-25
6231,系微,194.5,,,,,,,,,,,,,,2026-02-25
6233,旺玖,27.25,,,,,,,,,,,,,,2026-02-25
6234,高僑,27.8,,,,,,,,,,,,,,2026-02-25
6236,中湛,21.6,,,,,,,,,,,,,,2026-02-25
6237,驊訊,39.85,,,,,,,,,,,,,,2026-02-25
6240,松崗,18.6,,,,,,,,,,,,,,2026-02-25
6241,易通展,12.35,,,,,,,,,,,,,,2026-02-25
6242,立康,38.2,,,,,,,,,,,,,,2026-02-25
6244,茂迪,33.0,,,,,,,,,,,,,,2026-02-25
6245,立端,61.7,,,,,,,,,,,,,,2026-02-25
6246,臺龍,12.95,,,,,,,,,,,,,,2026-02-25
6248,沛波,22.0,,,,,,,,,,,,,,2026-02-25
6259,百徽,17.55,,,,,,,,,,,,,,2026-02-25
6261,久元,75.2,,,,,,,,,,,,,,2026-02-25
6263,普萊德,121.0,,,,,,,,,,,,,,2026-02-25
6264,富裔,6.89,,,,,,,,,,,,,,2026-02-25
6265,方土昶,40.0,,,,,,,,,,,,,,2026-02-25
6266,泰詠,29.1,,,,,,,,,,,,,,2026-02-25
6270,倍微,26.3,,,,,,,,,,,,,,2026-02-25
6274,台燿,545.0,,,,,,,,,,,,,,2026-02-25
6275,元山,53.6,,,,,,,,,,,,,,2026-02-25
6276,安鈦克,36.1,,,,,,,,,,,,,,2026-02-25
6279,胡連,117.0,,,,,,,,,,,,,,2026-02-25
6284,佳邦,87.4,,,,,,,,,,,,,,2026-02-25
6290,良維,227.0,,,,,,,,,,,,,,2026-02-25
6291,沛亨,277.0,,,,,,,,,,,,,,2026-02-25
6292,迅德,41.1,,,,,,,,,,,,,,2026-02-25
6294,智基,43.3,,,,,,,,,,,,,,2026-02-25
6411,晶焱,88.4,,,,,,,,,,,,,,2026-02-25
6417,韋僑,109.0,,,,,,,,,,,,,,2026-02-25
6418,詠昇,33.95,,,,,,,,,,,,,,2026-02-25
6419,京晨科,75.5,,,,,,,,,,,,,,2026-02-25
6423,億而得,90.4,,,,,,,,,,,,,,2026-02-25
6425,易發,69.7,,,,,,,,,,,,,,2026-02-25
6432,今展科,33.65,,,,,,,,,,,,,,2026-02-25
6435,大中,146.0,,,,,,,,,,,,,,2026-02-25
6441,廣錠,22.7,,,,,,,,,,,,,,2026-02-25
6461,益得,23.9,,,,,,,,,,,,,,2026-02-25
6462,神盾,120.0,,,,,,,,,,,,,,2026-02-25
6465,威潤,33.5,,,,,,,,,,,,,,2026-02-25
6469,大樹,86.9,,,,,,,,,,,,,,2026-02-25
6470,宇智,53.7,,,,,,,,,,,,,,2026-02-25
6474,華豫寧,36.55,,,,,,,,,,,,,,2026-02-25
6482,弘煜科,33.85,,,,,,,,,,,,,,2026-02-25
6485,點序,89.9,,,,,,,,,,,,,,2026-02-25
6486,互動,84.7,,,,,,,,,,,,,,2026-02-25
6488,環球晶,455.0,,,,,,,,,,,,,,2026-02-25
6492,生華科,50.2,,,,,,,,,,,,,,2026-02-25
6494,九齊,48.1,,,,,,,,,,,,,,2026-02-25
6496,科懋,27.15,,,,,,,,,,,,,,2026-02-25
6498,久禾光,89.9,,,,,,,,,,,,,,2026-02-25
6499,益安,91.3,,,,,,,,,,,,,,2026-02-25
6506,雙邦,16.0,,,,,,,,,,,,,,2026-02-25
6508,惠光,23.6,,,,,,,,,,,,,,2026-02-25
6509,聚和,39.35,,,,,,,,,,,,,,2026-02-25
6510,精測,3750.0,,,,,,,,,,,,,,2026-02-25
6512,啟發電,20.45,,,,,,,,,,,,,,2026-02-25
6516,勤崴國際,64.9,,,,,,,,,,,,,,2026-02-25
6517,保勝光學,60.7,,,,,,,,,,,,,,2026-02-25
6523,達爾膚,117.5,,,,,,,,,,,,,,2026-02-25
6527,明達醫,75.4,,,,,,,,,,,,,,2026-02-25
6530,創威,73.7,,,,,,,,,,,,,,2026-02-25
6532,瑞耘,57.1,,,,,,,,,,,,,,2026-02-25
6535,順藥,173.0,,,,,,,,,,,,,,2026-02-25
6538,倉和,69.2,,,,,,,,,,,,,,2026-02-25
6542,隆中,53.1,,,,,,,,,,,,,,2026-02-25
6546,正基,77.0,,,,,,,,,,,,,,2026-02-25
6547,高端疫苗,35.5,,,,,,,,,,,,,,2026-02-25
6548,長科*,49.7,,,,,,,,,,,,,,2026-02-25
6556,勝品,68.6,,,,,,,,,,,,,,2026-02-25
6560,欣普羅,44.0,,,,,,,,,,,,,,2026-02-25
6561,是方,374.5,,,,,,,,,,,,,,2026-02-25
6568,宏觀,158.5,,,,,,,,,,,,,,2026-02-25
6569,醫揚,101.0,,,,,,,,,,,,,,2026-02-25
6570,維田,40.0,,,,,,,,,,,,,,2026-02-25
6574,霈方,76.9,,,,,,,,,,,,,,2026-02-25
6576,逸達,83.8,,,,,,,,,,,,,,2026-02-25
6577,勁豐,74.8,,,,,,,,,,,,,,2026-02-25
6578,達邦蛋白,18.95,,,,,,,,,,,,,,2026-02-25
6584,南俊國際,425.0,,,,,,,,,,,,,,2026-02-25
6588,東典光電,114.0,,,,,,,,,,,,,,2026-02-25
6590,普鴻,70.9,,,,,,,,,,,,,,2026-02-25
6593,台灣銘板,40.2,,,,,,,,,,,,,,2026-02-25
6596,寬宏藝術,144.5,,,,,,,,,,,,,,2026-02-25
6597,立誠,64.5,,,,,,,,,,,,,,2026-02-25
6603,富強鑫,24.8,,,,,,,,,,,,,,2026-02-25
6609,瀧澤科,39.55,,,,,,,,,,,,,,2026-02-25
6612,奈米醫材,67.3,,,,,,,,,,,,,,2026-02-25
6613,朋億*,204.5,,,,,,,,,,,,,,2026-02-25
6615,慧智,35.9,,,,,,,,,,,,,,2026-02-25
6616,特昇-KY,10.7,,,,,,,,,,,,,,2026-02-25
6617,共信-KY,80.4,,,,,,,,,,,,,,2026-02-25
6620,漢達,79.9,,,,,,,,,,,,,,2026-02-25
6624,萬年清,67.2,,,,,,,,,,,,,,2026-02-25
6629,泰金-KY,108.0,,,,,,,,,,,,,,2026-02-25
6637,醫影,74.3,,,,,,,,,,,,,,2026-02-25
6640,均華,806.0,,,,,,,,,,,,,,2026-02-25
6642,富致,57.5,,,,,,,,,,,,,,2026-02-25
6643,M31,452.0,,,,,,,,,,,,,,2026-02-25
6649,台生材,41.7,,,,,,,,,,,,,,2026-02-25
6651,全宇昕,100.5,,,,,,,,,,,,,,2026-02-25
6654,天正國際,95.6,,,,,,,,,,,,,,2026-02-25
6661,威健生技,18.75,,,,,,,,,,,,,,2026-02-25
6662,樂斯科,30.2,,,,,,,,,,,,,,2026-02-25
6664,群翊,303.5,,,,,,,,,,,,,,2026-02-25
6667,信紘科,270.0,,,,,,,,,,,,,,2026-02-25
6679,鈺太,227.5,,,,,,,,,,,,,,2026-02-25
6680,鑫創電子,66.4,,,,,,,,,,,,,,2026-02-25
6683,雍智科技,915.0,,,,,,,,,,,,,,2026-02-25
6684,安格,48.1,,,,,,,,,,,,,,2026-02-25
6690,安碁資訊,165.0,,,,,,,,,,,,,,2026-02-25
6692,進能服,31.3,,,,,,,,,,,,,,2026-02-25
6693,廣閎科,90.3,,,,,,,,,,,,,,2026-02-25
6697,東捷資訊,45.1,,,,,,,,,,,,,,2026-02-25
6703,軒郁,107.5,,,,,,,,,,,,,,2026-02-25
6712,長聖,154.0,,,,,,,,,,,,,,2026-02-25
6716,應廣,96.0,,,,,,,,,,,,,,2026-02-25
6720,久昌,173.5,,,,,,,,,,,,,,2026-02-25
6721,信實,62.0,,,,,,,,,,,,,,2026-02-25
6725,矽科宏晟,257.0,,,,,,,,,,,,,,2026-02-25
6727,亞泰金屬,209.0,,,,,,,,,,,,,,2026-02-25
6728,上洋,134.0,,,,,,,,,,,,,,2026-02-25
6730,常廣,37.2,,,,,,,,,,,,,,2026-02-25
6732,昇佳電子,174.5,,,,,,,,,,,,,,2026-02-25
6733,博晟生醫,36.85,,,,,,,,,,,,,,2026-02-25
6735,美達科技,63.0,,,,,,,,,,,,,,2026-02-25
6739,竹陞科技,1095.0,,,,,,,,,,,,,,2026-02-25
6741,91APP*-KY,62.8,,,,,,,,,,,,,,2026-02-25
6751,智聯服務,57.2,,,,,,,,,,,,,,2026-02-25
6752,叡揚,124.5,,,,,,,,,,,,,,2026-02-25
6761,穩得,158.5,,,,,,,,,,,,,,2026-02-25
6762,達亞,167.5,,,,,,,,,,,,,,2026-02-25
6763,綠界科技*,53.2,,,,,,,,,,,,,,2026-02-25
6767,台微醫,29.95,,,,,,,,,,,,,,2026-02-25
6785,昱展新藥,220.5,,,,,,,,,,,,,,2026-02-25
6788,華景電,353.0,,,,,,,,,,,,,,2026-02-25
6791,虎門科技,104.5,,,,,,,,,,,,,,2026-02-25
6803,崑鼎,299.5,,,,,,,,,,,,,,2026-02-25
6804,明係,16.7,,,,,,,,,,,,,,2026-02-25
6811,宏碁資訊,205.5,,,,,,,,,,,,,,2026-02-25
6821,聯寶,36.75,,,,,,,,,,,,,,2026-02-25
6823,濾能,61.7,,,,,,,,,,,,,,2026-02-25
6829,千附精密,111.0,,,,,,,,,,,,,,2026-02-25
6840,東研信超,67.3,,,,,,,,,,,,,,2026-02-25
6841,長佳智能,64.6,,,,,,,,,,,,,,2026-02-25
6843,進典,48.5,,,,,,,,,,,,,,2026-02-25
6844,諾貝兒,63.0,,,,,,,,,,,,,,2026-02-25
6846,綠茵,71.2,,,,,,,,,,,,,,2026-02-25
6855,數泓科,119.0,,,,,,,,,,,,,,2026-02-25
6856,鑫傳,54.7,,,,,,,,,,,,,,2026-02-25
6859,伯特光,115.5,,,,,,,,,,,,,,2026-02-25
6865,偉康科技,36.4,,,,,,,,,,,,,,2026-02-25
6870,騰雲,195.0,,,,,,,,,,,,,,2026-02-25
6872,浩宇生醫,19.35,,,,,,,,,,,,,,2026-02-25
6874,倍力,69.8,,,,,,,,,,,,,,2026-02-25
6875,國邑*,40.05,,,,,,,,,,,,,,2026-02-25
6877,鏵友益,96.0,,,,,,,,,,,,,,2026-02-25
6881,潤德,228.0,,,,,,,,,,,,,,2026-02-25
6884,海柏特,35.55,,,,,,,,,,,,,,2026-02-25
6894,衛司特,280.5,,,,,,,,,,,,,,2026-02-25
6895,宏碩系統,175.5,,,,,,,,,,,,,,2026-02-25
6899,創為精密,51.2,,,,,,,,,,,,,,2026-02-25
6903,巨漢,315.5,,,,,,,,,,,,,,2026-02-25
6904,伯鑫,124.0,,,,,,,,,,,,,,2026-02-25
6910,德鴻,34.6,,,,,,,,,,,,,,2026-02-25
6913,鴻呈,119.0,,,,,,,,,,,,,,2026-02-25
6922,宸曜,167.0,,,,,,,,,,,,,,2026-02-25
6925,意藍,74.9,,,,,,,,,,,,,,2026-02-25
6929,佑全,31.95,,,,,,,,,,,,,,2026-02-25
6953,家碩,235.5,,,,,,,,,,,,,,2026-02-25
6961,旅天下,56.8,,,,,,,,,,,,,,2026-02-25
6967,汎瑋材料,69.5,,,,,,,,,,,,,,2026-02-25
6968,萬達寵物,49.2,,,,,,,,,,,,,,2026-02-25
6971,惠民實業,30.05,,,,,,,,,,,,,,2026-02-25
6982,大井泵浦,58.4,,,,,,,,,,,,,,2026-02-25
6996,力領科技,167.5,,,,,,,,,,,,,,2026-02-25
6997,博弘,87.2,,,,,,,,,,,,,,2026-02-25
8024,佑華,12.95,,,,,,,,,,,,,,2026-02-25
8027,鈦昇,96.1,,,,,,,,,,,,,,2026-02-25
8032,光菱,37.7,,,,,,,,,,,,,,2026-02-25
8034,榮群,28.0,,,,,,,,,,,,,,2026-02-25
8038,長園科,45.05,,,,,,,,,,,,,,2026-02-25
8040,九暘,50.8,,,,,,,,,,,,,,2026-02-25
8042,金山電,61.3,,,,,,,,,,,,,,2026-02-25
8043,蜜望實,78.3,,,,,,,,,,,,,,2026-02-25
8044,網家,28.5,,,,,,,,,,,,,,2026-02-25
8047,星雲,44.9,,,,,,,,,,,,,,2026-02-25
8048,德勝,61.9,,,,,,,,,,,,,,2026-02-25
8049,晶采,26.8,,,,,,,,,,,,,,2026-02-25
8050,廣積,42.85,,,,,,,,,,,,,,2026-02-25
8054,安國,121.0,,,,,,,,,,,,,,2026-02-25
8059,凱碩,19.0,,,,,,,,,,,,,,2026-02-25
8064,東捷,48.85,,,,,,,,,,,,,,2026-02-25
8066,來思達,20.0,,,,,,,,,,,,,,2026-02-25
8067,志旭,14.6,,,,,,,,,,,,,,2026-02-25
8068,全達,23.85,,,,,,,,,,,,,,2026-02-25
8069,元太,187.0,,,,,,,,,,,,,,2026-02-25
8071,能率網通,17.15,,,,,,,,,,,,,,2026-02-25
8074,鉅橡,69.7,,,,,,,,,,,,,,2026-02-25
8076,伍豐,23.4,,,,,,,,,,,,,,2026-02-25
8077,洛碁,42.25,,,,,,,,,,,,,,2026-02-25
8080,泰霖,31.2,,,,,,,,,,,,,,2026-02-25
8083,瑞穎,178.0,,,,,,,,,,,,,,2026-02-25
8084,巨虹,54.7,,,,,,,,,,,,,,2026-02-25
8085,福華,18.6,,,,,,,,,,,,,,2026-02-25
8086,宏捷科,123.0,,,,,,,,,,,,,,2026-02-25
8087,麗升能源,34.3,,,,,,,,,,,,,,2026-02-25
8088,品安,53.1,,,,,,,,,,,,,,2026-02-25
8089,康全電訊,25.9,,,,,,,,,,,,,,2026-02-25
8091,翔名,145.0,,,,,,,,,,,,,,2026-02-25
8092,建暐,14.05,,,,,,,,,,,,,,2026-02-25
8093,保銳,18.5,,,,,,,,,,,,,,2026-02-25
8096,擎亞,71.4,,,,,,,,,,,,,,2026-02-25
8097,常珵,54.3,,,,,,,,,,,,,,2026-02-25
8099,大世科,63.8,,,,,,,,,,,,,,2026-02-25
8102,傑霖科技,52.3,,,,,,,,,,,,,,2026-02-25
8107,大億金茂,14.55,,,,,,,,,,,,,,2026-02-25
8109,博大,109.5,,,,,,,,,,,,,,2026-02-25
8111,立碁,70.1,,,,,,,,,,,,,,2026-02-25
8121,越峰,28.05,,,,,,,,,,,,,,2026-02-25
8147,正淩,138.0,,,,,,,,,,,,,,2026-02-25
8155,博智,216.0,,,,,,,,,,,,,,2026-02-25
8171,天宇,28.2,,,,,,,,,,,,,,2026-02-25
8176,智捷,10.95,,,,,,,,,,,,,,2026-02-25
8182,加高,28.0,,,,,,,,,,,,,,2026-02-25
8183,精星,40.65,,,,,,,,,,,,,,2026-02-25
8227,巨有科技,141.0,,,,,,,,,,,,,,2026-02-25
8234,新漢,70.5,,,,,,,,,,,,,,2026-02-25
8240,華宏,41.0,,,,,,,,,,,,,,2026-02-25
8255,朋程,131.5,,,,,,,,,,,,,,2026-02-25
8272,全景軟體,79.0,,,,,,,,,,,,,,2026-02-25
8277,商丞,9.13,,,,,,,,,,,,,,2026-02-25
8279,生展,120.0,,,,,,,,,,,,,,2026-02-25
8284,三竹,62.8,,,,,,,,,,,,,,2026-02-25
8289,泰藝,35.25,,,,,,,,,,,,,,2026-02-25
8291,尚茂,14.6,,,,,,,,,,,,,,2026-02-25
8299,群聯,1890.0,,,,,,,,,,,,,,2026-02-25
8342,益張,86.1,,,,,,,,,,,,,,2026-02-25
8349,恒耀,40.6,,,,,,,,,,,,,,2026-02-25
8354,冠好,15.4,,,,,,,,,,,,,,2026-02-25
8358,金居,290.0,,,,,,,,,,,,,,2026-02-25
8383,千附,41.9,,,,,,,,,,,,,,2026-02-25
8390,金益鼎,103.0,,,,,,,,,,,,,,2026-02-25
8401,白紗科,29.1,,,,,,,,,,,,,,2026-02-25
8403,盛弘,23.55,,,,,,,,,,,,,,2026-02-25
8409,商之器,20.95,,,,,,,,,,,,,,2026-02-25
8410,森田,37.65,,,,,,,,,,,,,,2026-02-25
8415,大國鋼,33.8,,,,,,,,,,,,,,2026-02-25
8416,實威,170.0,,,,,,,,,,,,,,2026-02-25
8421,旭源,13.35,,,,,,,,,,,,,,2026-02-25
8423,保綠-KY,19.2,,,,,,,,,,,,,,2026-02-25
8424,惠普,75.1,,,,,,,,,,,,,,2026-02-25
8426,紅木-KY,27.65,,,,,,,,,,,,,,2026-02-25
8431,匯鑽科,71.4,,,,,,,,,,,,,,2026-02-25
8432,東生華,55.0,,,,,,,,,,,,,,2026-02-25
8433,弘帆,54.4,,,,,,,,,,,,,,2026-02-25
8435,鉅邁,60.1,,,,,,,,,,,,,,2026-02-25
8436,大江,131.0,,,,,,,,,,,,,,2026-02-25
8437,大地-KY,15.3,,,,,,,,,,,,,,2026-02-25
8440,綠電,25.85,,,,,,,,,,,,,,2026-02-25
8444,綠河-KY,9.6,,,,,,,,,,,,,,2026-02-25
8446,華研,94.6,,,,,,,,,,,,,,2026-02-25
8450,霹靂,17.15,,,,,,,,,,,,,,2026-02-25
8455,大拓-KY,22.25,,,,,,,,,,,,,,2026-02-25
8472,夠麻吉,57.0,,,,,,,,,,,,,,2026-02-25
8489,三貝德,32.85,,,,,,,,,,,,,,2026-02-25
8905,裕國,39.6,,,,,,,,,,,,,,2026-02-25
8906,花王,34.0,,,,,,,,,,,,,,2026-02-25
8908,欣雄,41.15,,,,,,,,,,,,,,2026-02-25
8916,光隆,47.35,,,,,,,,,,,,,,2026-02-25
8917,欣泰,55.1,,,,,,,,,,,,,,2026-02-25
8921,沈氏,18.35,,,,,,,,,,,,,,2026-02-25
8924,大田,69.6,,,,,,,,,,,,,,2026-02-25
8928,鉅明,25.4,,,,,,,,,,,,,,2026-02-25
8929,富堡,16.6,,,,,,,,,,,,,,2026-02-25
8930,青鋼,31.3,,,,,,,,,,,,,,2026-02-25
8931,大汽電,46.2,,,,,,,,,,,,,,2026-02-25
8933,愛地雅,6.86,,,,,,,,,,,,,,2026-02-25
8935,邦泰,21.15,,,,,,,,,,,,,,2026-02-25
8936,國統,53.7,,,,,,,,,,,,,,2026-02-25
8937,合騏,147.0,,,,,,,,,,,,,,2026-02-25
8938,明安,68.8,,,,,,,,,,,,,,2026-02-25
8941,關中,46.6,,,,,,,,,,,,,,2026-02-25
8942,森鉅,37.25,,,,,,,,,,,,,,2026-02-25
